,FPOI,GP,LAT,LONG,LAT1,LONG1,distance
0,1,1,27.59285,93.02091,27.59354,93.02056,0.08414727304243876
1,2,2,27.5631,92.97925,27.58059,92.97483000000001,1.993625347474592
2,3,3,27.6537,93.03195,27.653209999999998,93.02851,0.34327743840208097
3,4,4,27.6179,93.01943,27.657590000000003,92.996,4.981969548655436
4,5,5,27.514979999999998,93.01975999999999,27.61787,93.02028,11.444552397425811
5,6,6,27.531670000000002,92.98841,27.51356,93.01983,3.6964186244880004
6,7,7,27.631729999999997,93.03846999999999,27.53215,92.98778,12.151469002140777
7,8,8,27.60792,93.03373,27.63172,93.03794,2.6795881051595303
8,9,9,27.562759999999997,92.97759,27.60251,93.05906,9.168476075637368
9,10,10,27.64309,93.03546999999999,27.562440000000002,92.97796,10.611687353711375
10,11,11,27.605970000000003,93.014,27.63622,93.02289,3.4769011760627486
11,12,12,27.61086,92.91129000000001,27.60633,93.01884,10.612584761727843
12,13,13,27.59416,92.94637,27.61233,92.91269,3.886618711836673
13,14,14,27.543329999999997,92.9486,27.6194,93.05479,13.460916701143203
14,15,15,27.53967,92.95166,27.59665,92.94682,6.355817630552273
15,16,16,27.539379999999998,92.80344000000001,27.544620000000002,92.94383,13.858139608835257
16,17,17,27.57037,92.77766,27.55118,92.94504,16.642377260134698
17,18,18,27.53443,92.89692,27.50712,92.90909,3.2663004276427374
18,19,19,27.52082,92.824,27.56375,92.80328,5.193978094464117
19,20,20,27.571540000000002,92.7769,27.568740000000002,92.77727,0.3135729370048319
20,21,21,27.514490000000002,93.00126,27.544790000000003,92.89611,10.905371142836538
21,22,22,27.53047,92.84974,27.51922,92.82169,3.0366556654746164
22,23,23,27.559179999999998,92.78908,27.535320000000002,92.96269000000001,17.325830752207324
23,23,24,27.559179999999998,92.78908,27.551340000000003,92.87454,8.472420735556774
24,23,25,27.559179999999998,92.78908,27.556420000000003,92.7431,4.544478274515056
25,23,26,27.559179999999998,92.78908,27.61791,92.73761,8.271629470781779
26,23,27,27.559179999999998,92.78908,27.514020000000002,92.97806,19.30394818153911
27,23,28,27.559179999999998,92.78908,27.62668,92.74669,8.592566786196514
28,23,29,27.559179999999998,92.78908,27.53115,92.84473,6.3120378000892705
29,23,30,27.559179999999998,92.78908,27.5595,92.78905999999999,0.03564814219345184
30,24,31,27.280179999999998,92.87695,27.280079999999998,92.8815,0.44994337445417165
31,25,32,27.27545,92.88699,27.280240000000003,92.8912,0.6760848436734694
32,26,33,27.28418,92.85903,27.291859999999996,92.8486,1.338931444742417
33,27,34,27.314490000000003,92.98261,27.322509999999998,92.96218,2.207273512723929
34,28,35,27.33715,93.03159000000001,27.30578,93.01694,3.777699811807856
35,29,36,27.304009999999998,92.9483,27.29737,92.95211,0.8290313926360908
36,30,37,27.383229999999998,92.82423,27.31656,92.89779,10.383081736495091
37,31,38,27.3421,93.03685,27.38399,92.82401999999999,21.534435312675768
38,32,39,27.285220000000002,92.85181,27.33183,93.05416,20.65995321929191
39,32,40,27.285220000000002,92.85181,27.298840000000002,92.94435,9.271980266244974
40,32,41,27.285220000000002,92.85181,27.28282,92.85078,0.2857106846517617
41,33,42,27.68228,93.1364,27.67926,93.13953000000001,0.45594884808958547
42,34,43,27.681079999999998,93.13588,27.683970000000002,93.13155,0.5340709306336371
43,35,44,27.668309999999998,93.11059,27.669559999999997,93.10839,0.25748784140514996
44,36,45,27.67704,93.12015,27.754109999999997,93.17768000000001,10.275126604469428
45,37,46,27.667340000000003,93.11088000000001,27.682570000000002,93.10094000000001,1.9566422916304416
46,37,47,27.667340000000003,93.11088000000001,27.64808,93.11395,2.163532364998858
47,37,48,27.667340000000003,93.11088000000001,27.69769,93.12135,3.5298332333478237
48,37,49,27.667340000000003,93.11088000000001,27.68501,93.15269,4.563382160167589
49,37,50,27.667340000000003,93.11088000000001,27.726190000000003,93.11631,6.567683899320411
50,37,51,27.667340000000003,93.11088000000001,27.704929999999997,93.16401,6.6982364837577
51,38,52,27.159270000000003,93.21976,27.164070000000002,93.19413,2.5920202470613365
52,39,53,27.187309999999997,93.2721,27.182240000000004,93.28473000000001,1.371004299059652
53,40,54,27.20631,93.1376,27.161070000000002,93.21465,9.134622681850612
54,41,55,27.21203,93.118,27.208509999999997,93.13736,1.9547142545338343
55,42,56,27.20298,93.14956,27.2123,93.11713,3.3714046743710244
56,43,57,27.175559999999997,93.25065,27.21978,93.17428000000001,9.015361139990585
57,43,58,27.175559999999997,93.25065,27.20487,93.15048,10.43309886253717
58,43,59,27.175559999999997,93.25065,27.14327,93.1443,11.120933482991044
59,43,60,27.175559999999997,93.25065,27.17612,93.25028,0.07225173879804057
60,44,61,27.287640000000003,93.0697,27.2908,93.1356,6.5237131570486175
61,45,62,27.268909999999998,93.04047,27.29209,93.07172,4.023871413707356
62,46,63,27.247709999999998,93.03229,27.28815,93.07049,5.873455661743804
63,47,64,27.23548,93.07146999999999,27.269409999999997,93.04023000000001,4.877075807776132
64,48,65,27.293779999999998,93.06456999999999,27.24783,93.03076999999999,6.106501368955632
65,49,66,27.228240000000003,93.03434,27.235129999999998,93.07198000000001,3.80071973798165
66,50,67,27.251759999999997,93.06657,27.2988,93.1399,8.940538260178661
67,50,68,27.251759999999997,93.06657,27.29366,93.06445,4.665240570807992
68,50,69,27.251759999999997,93.06657,27.228379999999998,93.03411,4.131298401028084
69,50,70,27.251759999999997,93.06657,27.296429999999997,93.10529,6.2722389795039675
70,50,71,27.251759999999997,93.06657,27.2515,93.06485,0.17252128266249928
71,50,72,27.251759999999997,93.06657,27.27458,93.08742,3.269957704477968
72,51,73,27.5201,93.11728000000001,27.539509999999996,93.09645,2.9803406717749406
73,52,74,27.556179999999998,93.11783,27.515759999999997,93.11471999999999,4.50636151218347
74,53,75,27.556259999999998,93.11838,27.58235,93.13314,3.2464629935654843
75,54,76,27.48841,93.06528,27.47485,93.13529,7.071212414583621
76,54,77,27.48841,93.06528,27.60912,93.12253,14.565317720451244
77,54,78,27.48841,93.06528,27.552670000000003,93.14384,10.542413687421925
78,54,79,27.48841,93.06528,27.49287,93.06912,0.6242286951837271
79,54,80,27.48841,93.06528,27.52774,93.06651,4.376351969009292
80,54,81,27.48841,93.06528,27.556459999999998,93.1175,9.15566955567904
81,1000,82,27.46319,93.11414,27.46319,93.11414,0.0
82,1000,83,27.51734,93.05185999999999,27.51734,93.05185999999999,0.0
83,55,84,27.661690000000004,93.03721,27.661579999999997,93.03801999999999,0.0807311458908823
84,56,85,27.682879999999997,93.05195,27.679340000000003,93.04011,1.2309087211943446
85,57,86,27.64061,93.04374,27.661279999999998,93.05123,2.4146521390894264
86,58,87,27.69813,93.02895,27.709590000000002,93.01306,2.018297968944544
87,59,88,27.6444,93.07435,27.64753,93.0757,0.37269483098721295
88,60,89,27.71398,93.031,27.733790000000003,93.00262,3.558571510154995
89,60,90,27.71398,93.031,27.713820000000002,93.03079,0.027282423615833704
90,61,91,27.71398,93.031,27.72908,93.059,3.2282764303723654
91,62,92,26.95815,93.01001,26.97547,93.01646,2.029844822664881
92,63,93,26.93849,92.99443000000001,26.93865,92.99414,0.033818124429745855
93,64,94,26.93393,92.98761999999999,26.9993,93.04207,9.055753669415065
94,65,95,26.95218,93.00445,27.010659999999998,93.0416,7.474728619136326
95,65,96,26.95218,93.00445,26.93262,92.98942,2.6371517945444576
96,65,97,26.95218,93.00445,26.95216,93.00418,0.026862402273659138
97,65,98,26.95218,93.00445,26.95778,93.01108,0.9055842665695613
98,65,99,26.95218,93.00445,26.9982,93.14251,14.611618246164381
99,66,100,27.41582,93.0127,27.40574,92.98761999999999,2.7184322882272687
100,67,101,27.31452,92.9826,27.31483,92.98245,0.037532811687049465
101,68,102,27.353279999999998,93.04207,27.417640000000002,93.06387,7.475521923381003
102,69,103,27.33786,93.03075,27.34735,93.07007,4.02577646665489
103,70,104,27.45917,93.02383,27.41575,93.08164000000001,7.476204800734579
104,71,105,27.4802,93.03094,27.391840000000002,93.00985,10.04636945079365
105,72,106,27.31782,93.00295,27.41487,93.01077,10.822458790278853
106,73,107,27.392840000000003,93.01952,27.459220000000002,93.02279,7.39049109723413
107,73,108,27.392840000000003,93.01952,27.41566,93.05926,4.673587028956475
108,73,109,27.392840000000003,93.01952,27.480259999999998,93.03,9.778594901162078
109,73,110,27.392840000000003,93.01952,27.3184,93.00279,8.443294438384813
110,73,111,27.392840000000003,93.01952,27.363640000000004,93.02775,3.348090368590603
111,73,112,27.392840000000003,93.01952,27.394940000000002,93.02476999999999,0.568662013455496
112,73,113,27.392840000000003,93.01952,27.46785,93.01442,8.358528129022922
113,73,114,27.392840000000003,93.01952,27.440040000000003,93.01465999999999,5.271932479386538
114,74,115,27.944059999999997,95.1847,27.94316,95.18486999999999,0.10149098475118651
115,75,116,27.94422,95.12481,27.94408,95.18229000000001,5.648061878636278
116,76,117,27.9454,95.13241,27.94775,95.12678000000001,0.6118427270738939
117,77,118,27.960820000000002,95.23257,27.94551,95.13254,9.974665430897888
118,78,119,27.92105,95.2386,27.96878,95.22917,5.389253881245051
119,79,120,27.9633,95.23825,27.91892,95.24036,4.940732324581427
120,79,121,27.9633,95.23825,27.95838,95.20193,3.610007441114653
121,79,122,27.9633,95.23825,27.955140000000004,95.20719,3.183680093916943
122,79,123,27.9633,95.23825,27.954690000000003,95.20536,3.3702891020134396
123,79,124,27.9633,95.23825,27.963990000000003,95.23788,0.08492153653520222
124,80,125,27.98698,95.33966,28.060540000000003,95.2876,9.647569005773924
125,81,126,28.05858,95.30927,27.97621,95.34785,9.914320024940334
126,82,127,28.063640000000003,95.32491999999999,28.05769,95.28848,3.6374733968259285
127,83,128,28.038290000000003,95.3082,28.05123,95.31416,1.5536904470682453
128,84,129,28.141409999999997,95.2735,28.06407,95.289,8.735909251242193
129,85,130,28.08816,95.30903,28.06408,95.28429,3.615119089899107
130,86,131,28.06097,95.31085,28.06079,95.27804,3.2205137387523646
131,86,132,28.06097,95.31085,28.05835,95.32197,1.1297256234603819
132,86,133,28.06097,95.31085,28.05868,95.32313,1.2319695486617426
133,86,134,28.06097,95.31085,28.06182,95.3174,0.6498240370542554
134,86,135,28.06097,95.31085,28.057129999999997,95.2826,2.8056166866671153
135,86,136,28.06097,95.31085,28.03805,95.30808,2.5638480553569667
136,86,137,28.06097,95.31085,28.064059999999998,95.28683000000001,2.382557832095766
137,86,138,28.06097,95.31085,28.14145,95.27452,9.635393049551253
138,86,139,28.06097,95.31085,28.088109999999997,95.31081999999999,3.0187791096441936
139,86,140,28.06097,95.31085,28.06642,95.28668,2.448560711615163
140,86,141,28.06097,95.31085,28.06048,95.31095,0.05537940842881788
141,86,142,28.06097,95.31085,28.061759999999996,95.309,0.20172896485624747
142,86,143,28.06097,95.31085,28.06185,95.29661,1.401137381384339
143,87,144,28.33875,94.96396999999999,28.332590000000003,94.97657,1.4110862876244852
144,88,145,28.33768,94.96266,28.3354,94.96074,0.31567102247294354
145,89,146,28.4532,94.84505,28.50398,94.80190999999999,7.049307684921301
146,90,147,28.38637,94.91678,28.386159999999997,94.91674,0.023683955930748006
147,91,148,28.322020000000002,94.97235,28.31924,94.97195,0.31168953888794154
148,91,149,28.322020000000002,94.97235,28.419209999999996,94.88096,14.030929117722929
149,91,150,28.322020000000002,94.97235,28.452170000000002,94.90446,15.928130691605345
150,91,151,28.322020000000002,94.97235,28.45355,94.84359,19.30781966263479
151,1000,152,28.44335,94.87971,28.44335,94.87971,0.0
152,92,153,28.02389,95.27660999999999,28.02372,95.27660999999999,0.018909071649152287
153,93,154,28.01175,95.23846,28.01046,95.2421,0.385171935024251
154,94,155,28.0219,95.2616,28.018009999999997,95.26331,0.46412137047412205
155,95,156,28.0096,95.2329,28.02072,95.26449000000001,3.3395202039954346
156,96,157,28.00675,95.227,28.023220000000002,95.26290999999999,3.9737124677949818
157,96,158,28.00675,95.227,28.01278,95.22991999999999,0.7294408560225115
158,96,159,28.00675,95.227,28.013679999999997,95.22961,0.8123173586546476
159,96,160,28.00675,95.227,28.01175,95.23846,1.2553116787390464
160,1000,161,28.011909999999997,95.2321,28.011909999999997,95.2321,0.0
161,1000,162,28.00674,95.22609,28.00674,95.22609,0.0
162,97,163,27.977890000000002,94.97549000000001,27.983109999999996,94.97565,0.5808324004185058
163,98,164,27.954990000000002,95.0685,27.944470000000003,95.0651,1.2168916809268377
164,99,165,27.973670000000002,94.95161,27.884190000000004,94.99762,10.931798080445516
165,100,166,27.947709999999997,94.94216,27.89285,94.93985,6.106290673369342
166,101,167,27.960759999999997,95.0503,27.961140000000004,95.04885,0.14859443879160547
167,102,168,28.211609999999997,95.53027,28.20972,95.53135999999999,0.23581532685454054
168,103,169,28.1471,95.35866,28.143459999999997,95.35909000000001,0.4070671208498198
169,104,170,28.148870000000002,95.36131999999999,28.140909999999998,95.36385,0.9195033115461986
170,105,171,28.15783,95.25695,28.15953,95.25601999999999,0.20993532551021232
171,106,172,28.16788,95.41320999999999,28.164820000000002,95.41711,0.5119543262254105
172,107,173,28.1665,95.40843000000001,28.17013,95.41476999999999,0.7412878869160657
173,108,174,28.16671,95.41031,28.16483,95.41059,0.21090689737481014
174,109,175,28.177290000000003,95.49186,28.0821,95.43005,12.201047727933961
175,109,176,28.177290000000003,95.49186,28.08312,95.41671,12.80840351574127
176,109,177,28.177290000000003,95.49186,28.07515,95.39667,14.705926788118763
177,109,178,28.177290000000003,95.49186,28.174709999999997,95.49351,0.329433846560387
178,110,179,28.06032,95.47276,28.04968,95.4672,1.3032658406675461
179,111,180,27.92672,95.48893000000001,27.89057,95.51586999999999,4.814573420605805
180,112,181,28.065790000000003,95.48305,28.06032,95.47285,1.1715364823760197
181,113,182,28.00048,95.47825999999999,28.05681,95.46983,6.32000960108016
182,113,183,28.00048,95.47825999999999,27.9262,95.48899,8.329129230340529
183,113,184,28.00048,95.47825999999999,27.926809999999996,95.48931999999999,8.266027854689511
184,113,185,28.00048,95.47825999999999,28.0315,95.46203,3.800635992544141
185,113,186,28.00048,95.47825999999999,28.06227,95.47889,6.873169726595789
186,113,187,28.00048,95.47825999999999,28.0689,95.48645,7.6527054832238335
187,113,188,28.00048,95.47825999999999,27.99877,95.47972,0.23819549643913468
188,113,189,28.00048,95.47825999999999,27.998929999999998,95.47939000000001,0.20503650681073443
189,114,190,27.8085,95.10988,27.809409999999996,95.10929,0.11668203604937152
190,115,191,27.815820000000002,95.11361,27.81522,95.11476,0.13135196863458443
191,116,192,27.824759999999998,95.11322,27.80828,95.11031,1.855287389273273
192,117,193,27.79362,95.08714,27.824690000000004,95.11128000000001,4.193308896319017
193,118,194,27.78845,95.06075,27.79598,95.05261,1.1589026205669017
194,119,195,27.79209,95.05892,27.8004,95.04371,1.7590200725201146
195,120,196,27.76282,95.00461,27.76628,94.97462,2.976715450969929
196,121,197,27.754179999999998,94.94885,27.77875,94.9651,3.166510220511086
197,122,198,27.75142,94.93146,27.75688,94.92962,0.6337466567929911
198,123,199,27.743370000000002,94.905,27.74884,94.90257,0.6537624346638349
199,124,200,28.136909999999997,95.10443000000001,28.1355,95.10387,0.16617463149834766
200,125,201,28.139770000000002,95.14809,28.10401,95.16931,4.489368235739252
201,126,202,28.15871,95.04943,28.160459999999997,95.03794,1.1434485394146523
202,127,203,28.22696,94.99416,28.22703,94.99473,0.05640141366558793
203,128,204,28.23475,94.92175,28.22972,94.91686,0.7366582937241756
204,129,205,28.21629,94.99595,28.212229999999998,94.99936,0.5618228149292919
205,130,206,28.2253,94.89336,28.143590000000003,95.15786999999999,27.479451970469167
206,131,207,28.237509999999997,94.99375,28.2181,94.8969,9.733913996772355
207,132,208,28.17322,95.02225,28.238220000000002,94.98815,7.965215444791183
208,1000,209,28.10541,95.00520999999999,28.10541,95.00520999999999,0.0
209,133,210,28.333090000000002,95.05635,28.32535,95.00556999999999,5.0457788617447825
210,134,211,28.258840000000003,95.04729,28.259290000000004,95.04773,0.06605796944167114
211,135,212,28.317729999999997,94.9548,28.239990000000002,95.01803000000001,10.63637241707551
212,136,213,28.184459999999998,95.01746999999999,28.26065,95.01599,8.475842223983284
213,136,214,28.184459999999998,95.01746999999999,28.1915,95.03631,2.006175388709291
214,137,215,28.32641,95.05725,28.2956,94.96812,9.376755859068162
215,138,216,28.33115,95.0555,28.32654,95.05721,0.5394102313025745
216,139,217,28.32801,95.05686999999999,28.33057,95.05941999999999,0.37870163789080435
217,140,218,28.13138,95.13569,28.328159999999997,95.05556,23.253846501727313
218,140,219,28.13138,95.13569,28.14215,95.12346,1.6953080875405897
219,141,220,28.4961,95.08892,28.496370000000002,95.08829,0.06851753112447995
220,142,221,28.51697,95.06522,28.51837,95.06770999999999,0.2889162381761252
221,143,222,28.33816,95.02486,28.3462,95.02367,0.9018438268866045
222,143,223,28.33816,95.02486,28.360840000000003,95.02112,2.549120019815858
223,143,224,28.33816,95.02486,28.43412,95.0438,10.833333406432045
224,143,225,28.33816,95.02486,28.43556,95.04302,10.978562141932306
225,143,226,28.33816,95.02486,28.433529999999998,95.04489000000001,10.787551598759165
226,144,227,28.3926,95.06567,28.43457,95.03696,5.448124988944043
227,144,228,28.3926,95.06567,28.434490000000004,95.03693,5.442018505179038
228,144,229,28.3926,95.06567,28.434309999999996,95.03926,5.31032523584145
229,144,230,28.3926,95.06567,28.38415,95.05715,1.256375008823649
230,145,231,27.83431,95.14236,27.82465,95.14777,1.199039934396312
231,146,232,27.83372,95.14113,27.833859999999998,95.14071,0.04414916759804778
232,147,233,27.85322,95.25737,27.86823,95.25972,1.6854771256585575
233,148,234,27.872390000000003,95.22778000000001,27.87257,95.22742,0.04066731716792978
234,149,235,27.865479999999998,95.22565,27.86901,95.21791999999999,0.8555204696122751
235,150,236,27.8636,95.22561999999999,27.8637,95.22518000000001,0.04467386886710884
236,151,237,27.900109999999998,95.23147,27.90338,95.22792,0.5040523259925639
237,152,238,27.85166,95.19785,27.85091,95.19816,0.08881865134306749
238,153,239,27.8488,95.20728000000001,27.849140000000002,95.20546999999999,0.1819817461821909
239,154,240,27.843459999999997,95.2258,27.84365,95.22556,0.03168291591705592
240,155,241,27.86379,95.29191999999999,27.88927,95.29338,2.837769287874741
241,156,242,27.88011,95.3141,27.91106,95.27796,4.947044738038772
242,157,243,27.96303,95.31274,27.87987,95.31626999999999,9.256376854330853
243,158,244,27.96371,95.31659,27.877029999999998,95.31492,9.642798905585519
244,158,245,27.96371,95.31659,27.96295,95.31373,0.29341758127986006
245,158,246,27.96371,95.31659,27.9684,95.31824,0.5462719859426024
246,159,247,27.968740000000004,95.33024,27.970370000000003,95.32829,0.26375757505259273
247,159,248,27.968740000000004,95.33024,27.91142,95.34324000000001,6.502409479611713
248,160,249,27.89446,95.30954,27.91804,95.34564,4.412559291830761
249,160,250,27.89446,95.30954,27.931820000000002,95.34629,5.505999124658355
250,160,251,27.89446,95.30954,27.9251,95.34449000000001,4.839049336266132
251,160,252,27.89446,95.30954,27.89387,95.30878,0.0994421040157457
252,161,253,28.15958,95.66502,27.9736,95.58072,22.27983619684788
253,162,254,28.269409999999997,95.6132,27.975009999999997,95.58451,32.86678734924504
254,163,255,28.25205,95.58331,28.04519,95.61831,23.263640359875758
255,164,256,28.270090000000003,95.61206999999999,28.040909999999997,95.61596999999999,25.494522179910756
256,165,257,28.2584,95.60008,28.15871,95.66544,12.806197872718288
257,166,258,28.252779999999998,95.59982,27.9605,95.57163,32.62769273557841
258,166,259,28.252779999999998,95.59982,28.27028,95.62414,3.076680146973435
259,166,260,28.252779999999998,95.59982,28.259079999999997,95.58227,1.8567842655040987
260,166,261,28.252779999999998,95.59982,28.27017,95.61225,2.285704671183117
261,166,262,28.252779999999998,95.59982,28.26667,95.6151,2.151286569850673
262,166,263,28.252779999999998,95.59982,28.258409999999998,95.6005,0.629758033876539
263,166,264,28.252779999999998,95.59982,27.894409999999997,95.52731999999999,40.491506900028206
264,166,265,28.252779999999998,95.59982,28.24965,95.59973000000001,0.34826103772578526
265,167,266,28.37851,95.92874,28.37595,95.93103,0.362362343824555
266,168,267,28.303279999999997,95.92392,28.302840000000003,95.92394,0.04898030407480254
267,169,268,28.293740000000003,96.04056,28.292709999999996,96.04264,0.2337236835694567
268,170,269,28.3327,95.94957,28.28374,96.08121,13.994292445463328
269,171,270,28.32457,95.96263,28.34341,95.93677,3.2865511434584205
270,172,271,28.33132,95.98033000000001,28.321559999999998,95.97039000000001,1.4579853757635337
271,1000,272,28.33737,95.98043,28.33737,95.98043,0.0
272,1000,273,28.294759999999997,96.04939,28.294759999999997,96.04939,0.0
273,173,274,28.051959999999998,95.81676999999999,28.04918,95.81886999999999,0.37163402968336146
274,174,275,27.990109999999998,95.81975,27.989690000000003,95.81904,0.08393750137311987
275,175,276,27.97512,95.83759,27.97465,95.83726999999999,0.0610010080447245
276,175,277,27.97512,95.83759,28.01871,95.8664,5.613749622072501
277,176,278,28.051959999999998,95.81676999999999,28.04918,95.81886999999999,0.37163402968336146
278,177,279,27.990109999999998,95.81975,27.989690000000003,95.81904,0.08393750137311987
279,178,280,27.97512,95.83759,27.97465,95.83726999999999,0.0610010080447245
280,179,281,27.97512,95.83759,28.01871,95.8664,5.613749622072501
281,180,282,28.097609999999996,95.89303000000001,28.098209999999998,95.89333,0.0729413351186152
282,181,283,28.05002,96.00105,28.04767,96.00018,0.27498843296480097
283,182,284,28.07027,95.91688,28.04369,95.90435,3.2021139335662236
284,183,285,28.084229999999998,95.90357,28.085,95.90416,0.10338098932411476
285,184,286,28.06222,95.92851,28.06175,95.92826,0.057750533898331284
286,185,287,28.028370000000002,95.76053,28.029,95.76083,0.07601371550863395
287,186,288,28.0484,95.75365,28.02765,95.75904,2.367903738161938
288,187,289,28.05433,95.75674000000001,28.048759999999998,95.75449,0.6577420701668951
289,188,290,27.97291,95.75571,28.05514,95.75884,9.151591968085489
290,189,291,28.115779999999997,95.82087,28.0515,95.76402,9.068880093236936
291,190,292,28.1137,95.81791,27.972920000000002,95.75497,16.833910079590062
292,191,293,28.01248,95.76005,28.115129999999997,95.8217,12.92208210898366
293,192,294,28.001279999999998,95.75775,28.113120000000002,95.81839000000001,13.790650411839167
294,193,295,27.986590000000003,95.75833,28.012190000000004,95.76120999999999,2.861497137088064
295,194,296,27.951590000000003,95.75612,28.001279999999998,95.75864,5.532551122938589
296,1000,297,27.98645,95.75766,27.98645,95.75766,0.0
297,195,298,28.08512,95.84957,28.085929999999998,95.84931999999999,0.09337659084956289
298,196,299,28.13583,95.84286999999999,28.13379,95.84633000000001,0.40824876186043185
299,197,300,28.17823,95.81967,28.20555,95.77211,5.565381978084692
300,198,301,28.12015,95.75081999999999,28.12128,95.75186,0.16188506385872228
301,199,302,28.139440000000004,95.84124,28.17847,95.81779,4.912753379406752
302,200,303,28.13085,95.83759,28.137620000000002,95.83032,1.0370893029188035
303,201,304,28.100690000000004,95.8898,28.130470000000003,95.82773,6.931980096630572
304,201,305,28.100690000000004,95.8898,28.102290000000004,95.89064,0.19612585463844848
305,201,306,28.100690000000004,95.8898,28.1289,95.8404,5.773504523126307
306,202,307,27.58137,93.82805,27.58075,93.82734,0.0982629275523834
307,203,308,27.57037,93.83196,27.568990000000003,93.82795,0.42413439852653656
308,204,309,27.550290000000004,93.82415999999999,27.57003,93.8315,2.311895197213729
309,205,310,27.58435,93.82729,27.572490000000002,93.83014,1.3487789012622404
310,206,311,27.54385,93.81022,27.576629999999998,93.82805,4.047881747214201
311,207,312,27.54562,93.81492,27.550240000000002,93.82425,1.0538917441310018
312,207,313,27.54562,93.81492,27.57631,93.83166999999999,3.792227196347656
313,207,314,27.54562,93.81492,27.57511,93.82955,3.58339116809934
314,207,315,27.54562,93.81492,27.570520000000002,93.82843000000001,3.073373124290961
315,207,316,27.54562,93.81492,27.56948,93.82665,2.8950601775222347
316,207,317,27.54562,93.81492,27.57728,93.82833000000001,3.7616148928105217
317,207,318,27.54562,93.81492,27.584359999999997,93.82739000000001,4.48104298692314
318,207,319,27.54562,93.81492,27.534,93.82823,1.8422153889494988
319,207,320,27.54562,93.81492,27.549559999999996,93.80969,0.67682158948447
320,207,321,27.54562,93.81492,27.573179999999997,93.82843000000001,3.342457680552765
321,207,322,27.54562,93.81492,27.57446,93.83018,3.5432647728704767
322,208,323,27.75497,94.0056,27.56835,93.82961999999999,27.045386224337122
323,209,324,27.758490000000002,94.00748,27.518079999999998,94.24606,35.605436451735635
324,209,325,27.758490000000002,94.00748,27.74767,94.1167,10.818140511856766
325,209,326,27.758490000000002,94.00748,27.51105,93.77234,35.97762853717788
326,209,327,27.758490000000002,94.00748,27.755059999999997,94.00554,0.4266385001809796
327,209,328,27.758490000000002,94.00748,27.75488,94.00532,0.45435397504702824
328,209,329,27.758490000000002,94.00748,27.749879999999997,94.07316999999999,6.536616475781812
329,209,330,27.758490000000002,94.00748,27.76282,94.1419,13.239372939671545
330,210,331,27.47165,93.76498000000001,27.495509999999996,93.73148,4.239208194712765
331,211,332,27.57235,93.83205,27.58292,93.84166,1.5099581631381926
332,212,333,27.54385,93.81022,27.5845,93.84646,5.76309559669153
333,212,334,27.54385,93.81022,27.59791,93.87361999999999,8.67375114373505
334,212,335,27.54385,93.81022,27.575490000000002,93.84378000000001,4.830842187344824
335,212,336,27.54385,93.81022,27.5789,93.84997,5.528345925446985
336,212,337,27.54385,93.81022,27.58025,93.84131,5.078469582283546
337,212,338,27.54385,93.81022,27.58983,93.84703,6.271373988010875
338,212,339,27.54385,93.81022,27.583940000000002,93.84048,5.365392587278673
339,212,340,27.54385,93.81022,27.583990000000004,93.84104,5.400891922946257
340,212,341,27.54385,93.81022,27.520190000000003,93.82149,2.856830992913389
341,213,342,27.59214,93.82778,27.577579999999998,93.82406,1.6605115945568265
342,214,343,27.58646,93.82743,27.5773,93.82251,1.128434991764269
343,214,344,27.58646,93.82743,27.57974,93.82249,0.8921287377935683
344,214,345,27.58646,93.82743,27.58028,93.82356,0.7861846953932183
345,214,346,27.58646,93.82743,27.59228,93.82576999999999,0.6677213965644055
346,214,347,27.58646,93.82743,27.591920000000002,93.81696,1.1975693057457877
347,214,348,27.58646,93.82743,27.577659999999998,93.82251,1.0924156100908216
348,214,349,27.58646,93.82743,27.578120000000002,93.82264,1.0409396673657163
349,214,350,27.58646,93.82743,27.57498,93.8226,1.3628190121016046
350,214,351,27.58646,93.82743,27.57905,93.82476,0.8652264909951077
351,214,352,27.58646,93.82743,27.58288,93.82533000000001,0.4488064108378294
352,214,353,27.58646,93.82743,27.5776,93.82555,1.0027742696392732
353,215,354,27.756259999999997,94.00745,27.781509999999997,93.93771,7.416186440299578
354,216,355,27.78261,93.97643000000001,27.893720000000002,93.95073000000001,12.614606305553991
355,217,356,27.71442,93.92954,27.85541,93.97932,16.429572064452056
356,217,357,27.71442,93.92954,27.7165,93.92656,0.37367210193604344
357,217,358,27.71442,93.92954,27.781159999999996,93.97498,8.66697098265801
358,217,359,27.71442,93.92954,27.828059999999997,93.95414,12.869934641010728
359,217,360,27.71442,93.92954,27.789109999999997,93.96804,9.131326415616831
360,218,361,27.732459999999996,93.98538,27.68215,93.94837,6.678164922990158
361,219,362,27.731070000000003,93.97968,27.73139,93.97995,0.044424474733495464
362,220,363,27.7427,94.00114,27.74455,94.00901,0.8016064231442962
363,221,364,27.75497,94.0056,27.75488,94.00532,0.02932284447192161
364,222,365,27.698259999999998,93.91264,27.699040000000004,93.91143000000001,0.14740233604554795
365,223,366,27.552979999999998,93.82552,27.564590000000003,93.84801,2.5663117555633663
366,223,367,27.552979999999998,93.82552,27.55155,93.8319,0.6489591876316881
367,223,368,27.552979999999998,93.82552,27.524040000000003,93.8381,3.449829980360613
368,223,369,27.552979999999998,93.82552,27.5583,93.84559,2.0657147165025784
369,223,370,27.552979999999998,93.82552,27.55752,93.84624000000001,2.104728598506264
370,223,371,27.552979999999998,93.82552,27.56158,93.85247,2.8244735934941265
371,223,372,27.552979999999998,93.82552,27.564890000000002,93.84544,2.3692636283304136
372,223,373,27.552979999999998,93.82552,27.5566,93.84526,1.9878262955153394
373,223,374,27.552979999999998,93.82552,27.52313,93.83142,3.3708175706723362
374,223,375,27.552979999999998,93.82552,27.5589,93.84711999999999,2.229476844779759
375,223,376,27.552979999999998,93.82552,27.52096,93.84128,3.8859979214850013
376,223,377,27.552979999999998,93.82552,27.559409999999996,93.847,2.2356656568423
377,224,378,27.59453,93.82766,27.55872,93.84851,4.482319300609097
378,225,379,27.54385,93.81022,27.55739,93.85094000000001,4.288799185058345
379,226,380,27.50674,93.77454,27.555529999999997,93.84571,8.872922549154785
380,226,381,27.50674,93.77454,27.55745,93.85029,9.361501762213397
381,226,382,27.50674,93.77454,27.597309999999997,93.83971,11.949497929507931
382,226,383,27.50674,93.77454,27.54666,93.84564,8.300649049307594
383,226,384,27.50674,93.77454,27.54375,93.84692,8.241316333672588
384,226,385,27.50674,93.77454,27.555359999999997,93.853,9.441189194437577
385,226,386,27.50674,93.77454,27.54161,93.75771999999999,4.2185462702907195
386,226,387,27.50674,93.77454,27.5588,93.85392,9.738162124517777
387,226,388,27.50674,93.77454,27.558040000000002,93.84939,9.330779340661111
388,226,389,27.50674,93.77454,27.557409999999997,93.84875,9.238012453850004
389,227,390,27.48563,93.63452,27.484090000000002,93.63501,0.17798719080347958
390,228,391,27.49147,93.59895999999999,27.596859999999996,93.67293000000001,13.807091723364842
391,229,392,27.595370000000003,93.67941,27.60803,93.65937,2.425897808322149
392,230,393,27.60718,93.65961999999999,27.55603,93.63136999999999,6.334533209726064
393,231,394,27.604020000000002,93.66624,27.57685,93.67695,3.201232982002155
394,232,395,27.57807,93.67713,27.54706,93.68459,3.5268037080839814
395,233,396,27.54737,93.68469,27.58928,93.6556,5.473392844610863
396,234,397,27.60302,93.67245,27.616090000000003,93.6957,2.713837635977841
397,235,398,27.47205,93.6869,27.47305,93.6862,0.13093591508676974
398,236,399,27.509209999999996,93.64359,27.53949,93.62505,3.8325137090786625
399,237,400,27.5096,93.77414,27.51432,93.71205,6.147720154222449
400,238,401,27.73228,93.98994,27.730829999999997,93.9899,0.16133133104953792
401,239,402,27.8033,94.08237,27.80306,94.08216999999999,0.03316393688783896
402,240,403,27.82457,94.18675,27.824890000000003,94.18629,0.05757131188252865
403,241,404,27.82347,94.13547,27.8246,94.13591,0.13293346187666
404,242,405,27.822429999999997,94.15742,27.820490000000003,94.15844,0.2379739919638958
405,243,406,27.77297,94.0411,27.79707,93.99039,5.664563235408848
406,244,407,27.776159999999997,94.07251,27.7762,94.07377,0.12408061802639346
407,245,408,27.79219,94.07409,27.7904,94.07188000000001,0.2948417317487492
408,246,409,27.799570000000003,94.07491999999999,27.79877,94.07627,0.1598809577180296
409,247,410,27.79233,94.07666,27.79259,94.07731,0.07019344131840966
410,248,411,27.79761,94.06984,27.793129999999998,94.06371,0.7823831642296646
411,249,412,27.681490000000004,93.88767,27.595979999999997,93.84195,10.524272869657755
412,249,413,27.681490000000004,93.88767,27.59507,93.8409,10.66016556576484
413,249,414,27.681490000000004,93.88767,27.693,93.89218000000001,1.3551285187901814
414,249,415,27.681490000000004,93.88767,27.59771,93.84338000000001,10.290132209954272
415,249,416,27.681490000000004,93.88767,27.59747,93.84818,10.123265238748372
416,249,417,27.681490000000004,93.88767,27.594340000000003,93.84631,10.515580610022676
417,249,418,27.681490000000004,93.88767,27.59933,93.84194000000001,10.189173214041208
418,249,419,27.681490000000004,93.88767,27.5942,93.83953000000001,10.806090512796258
419,249,420,27.681490000000004,93.88767,27.59664,93.84246,10.436418760627573
420,250,421,27.6203,93.84176,27.600720000000003,93.83543,2.265483702460926
421,251,422,27.607290000000003,93.83121,27.621209999999998,93.84411999999999,2.0040710848592758
422,252,423,27.69272,93.91095,27.60465,93.83151,12.538951898560624
423,253,424,27.598540000000003,93.82646,27.59745,93.83838,1.1812414568239193
424,254,425,27.60006,93.82698,27.59726,93.83967,1.28908555906723
425,255,426,27.59214,93.82778,27.69878,93.92676999999999,15.35673747268876
426,255,427,27.59214,93.82778,27.60006,93.82485,0.9270797366085068
427,255,428,27.59214,93.82778,27.60647,93.82636,1.600057730964942
428,255,429,27.59214,93.82778,27.596190000000004,93.84006,1.291634885426466
429,255,430,27.59214,93.82778,27.5945,93.82594,0.319073164130701
430,256,431,27.4717,93.76572,27.524959999999997,93.76733,5.926230207778176
431,257,432,27.51185,93.78375,27.47594,93.75944,4.659126395956451
432,258,433,27.681490000000004,93.88767,27.51362,93.7812,21.41959030625785
433,259,434,27.4693,93.76885,27.677709999999998,93.84286,24.302783076541854
434,260,435,27.68082,93.89995,27.68996,93.87398,2.7525509624781535
435,260,436,27.68082,93.89995,27.47648,93.79599,24.932858953665104
436,260,437,27.68082,93.89995,27.53533,93.74902,21.981616991190805
437,260,438,27.68082,93.89995,27.67248,93.82847,7.101858797910673
438,260,439,27.68082,93.89995,27.681040000000003,93.90111999999999,0.11781363962445442
439,260,440,27.68082,93.89995,27.53783,93.75222,21.563374588675032
440,260,441,27.68082,93.89995,27.46985,93.77063000000001,26.706341874698616
441,260,442,27.68082,93.89995,27.5388,93.74704,21.833135024363333
442,261,443,27.3551,93.78084,27.36155,93.77344000000001,1.0242676202528178
443,262,444,27.42053,93.7503,27.42646,93.76268,1.3888994745980279
444,263,445,27.40503,93.74681,27.368009999999998,93.74198,4.145267573742513
445,264,446,27.47451,93.68099000000001,27.41258,93.74631,9.435382813311433
446,265,447,27.354229999999998,93.78378000000001,27.46123,93.65979,17.07475927580303
447,266,448,27.35887,93.77874,27.354440000000004,93.78376999999999,0.6998037165148884
448,267,449,27.33261,93.82236999999999,27.3587,93.7786,5.207940197055221
449,268,450,27.40478,93.74369,27.438409999999998,93.6522,9.776904924161878
450,268,451,27.40478,93.74369,27.391509999999997,93.72848,2.1058841390190044
451,268,452,27.40478,93.74369,27.40417,93.74299,0.09685906670136521
452,268,453,27.40478,93.74369,27.4109,93.725,1.9670766641047004
453,269,454,27.075390000000002,93.59264,27.07753,93.56271,2.9737799621686984
454,270,455,27.08738,93.61148,27.08693,93.59433,1.6990946962660827
455,271,456,27.12302,93.72219,27.12101,93.7005,2.1588904023304925
456,272,457,27.10952,93.71105,27.07449,93.63736999999999,8.271400969351014
457,273,458,27.12967,93.74716,27.122490000000003,93.72279,2.5412640699793356
458,273,459,27.12967,93.74716,27.108140000000002,93.71231999999999,4.199050779754086
459,273,460,27.12967,93.74716,27.125909999999998,93.74898,0.4553812864009135
460,274,461,27.098670000000002,93.82717,27.10868,93.82092,1.2738330336106114
461,275,462,27.10975,93.82126,27.1792,93.77828000000001,8.818827803122902
462,276,463,27.17969,93.77457,27.14365,93.75650999999999,4.389104947080032
463,277,464,27.1398,93.7977,27.14194,93.76673000000001,3.074701777153094
464,278,465,27.144540000000003,93.75224,27.13972,93.79772,4.533465847084289
465,279,466,27.1435,93.75644,27.12323,93.77953000000001,3.210536107976877
466,280,467,27.14113,93.76634,27.163429999999998,93.77168,2.5361057927353476
467,281,468,27.12295,93.77941,27.161859999999997,93.75038,5.194964604445829
468,282,469,27.16977,93.76386,27.14868,93.75349,2.5605063941604236
469,283,470,27.160190000000004,93.75049,27.19148,93.79057,5.276540927178968
470,284,471,27.14858,93.75394,27.14974,93.74372,1.0197174538419016
471,285,472,27.302,93.963,27.35935,94.05211,10.87311785639149
472,286,473,27.348879999999998,94.02699,27.30136,93.96223,8.300079354495415
473,287,474,27.3045,93.9688,27.374109999999998,93.87451999999999,12.11306172794379
474,288,475,27.373990000000003,93.87474,27.32655,93.98819,12.388391229345789
475,289,476,27.2062,93.38056,27.20696,93.37761,0.30382240873006483
476,290,477,27.2164,93.38476999999999,27.21821,93.35812,2.6437422298971645
477,291,478,27.23078,93.34213000000001,27.215690000000002,93.385,4.560347042664247
478,291,479,27.23078,93.34213000000001,27.228509999999996,93.34073000000001,0.28796618956465025
479,291,480,27.23078,93.34213000000001,27.26945,93.32925999999999,4.4855834956529455
480,292,481,27.025909999999996,93.7319,27.02917,93.74096,0.9681548074863907
481,293,482,26.95314,93.59215,26.957829999999998,93.59854,0.8206776020147284
482,294,483,26.97597,93.6607,26.97611,93.66162,0.092517347464137
483,295,484,26.97526,93.66034,26.97366,93.63972,2.05177301735165
484,295,485,26.97526,93.66034,27.026090000000003,93.73184,9.065209005702036
485,296,486,27.530890000000003,93.48971,27.529009999999996,93.4887,0.23162970359193594
486,297,487,27.49005,93.54616999999999,27.473909999999997,93.51575,3.497666611465126
487,298,488,27.53325,93.49925999999999,27.53466,93.49193000000001,0.7397851965255178
488,299,489,27.43437,93.55218,27.43287,93.55273000000001,0.1754574478474149
489,300,490,27.511779999999998,93.53819,27.509040000000002,93.51762,2.052045135685243
490,301,491,27.47798,93.52452,27.490440000000003,93.49812,2.9507763650630636
491,302,492,27.510720000000003,93.53877,27.400270000000003,93.5414,12.288077267354906
492,302,493,27.510720000000003,93.53877,27.51582,93.54033000000001,0.5877764336629661
493,303,494,27.24708,93.49204,27.247040000000002,93.49715,0.5053364570525453
494,304,495,27.252259999999996,93.49129,27.25222,93.49287,0.15629885285577785
495,305,496,27.25457,93.48715,27.253890000000002,93.48624000000001,0.11754842683017057
496,306,497,27.29454,93.51835,27.2896,93.51719,0.5613117645323827
497,307,498,27.23033,93.56393,27.24134,93.57047,1.3849490212017426
498,308,499,27.23283,93.418,27.232029999999998,93.41856999999999,0.10533801647271297
499,309,500,27.246470000000002,93.49675,27.268720000000002,93.44334,5.832234638908443
500,310,501,27.330470000000002,93.50713,27.206590000000002,93.49113,13.869658562996179
501,311,502,27.24786,93.51059000000001,27.33025,93.50719000000001,9.170386851992042
502,312,503,27.23532,93.53336,27.25218,93.51632,2.521198076414472
503,313,504,27.331709999999998,93.50525999999999,27.236320000000003,93.5342,10.989138744343784
504,314,505,27.350740000000002,93.52958000000001,27.34875,93.51626999999999,1.3334796100655608
505,314,506,27.350740000000002,93.52958000000001,27.34515,93.47233,5.690259406358694
506,314,507,27.350740000000002,93.52958000000001,27.350540000000002,93.53013,0.05871504705352694
507,1000,508,26.927940000000003,93.368859,26.927940000000003,93.368859,0.0
508,1000,509,26.92912,93.40154,26.92912,93.40154,0.0
509,1000,510,26.93563,93.32921,26.93563,93.32921,0.0
510,1000,511,26.9544,93.343763,26.9544,93.343763,0.0
511,1000,512,26.94874,93.401077,26.94874,93.401077,0.0
512,315,513,27.257209999999997,93.79656,27.257690000000004,93.79778,0.13191884328243225
513,316,514,27.212020000000003,93.68466,27.21138,93.68451999999999,0.07252164230781087
514,317,515,27.215729999999997,93.68616,27.21818,93.68941,0.4214355109334472
515,318,516,27.253840000000004,93.67123000000001,27.253709999999998,93.67161,0.040261359800526995
516,319,517,27.20757,93.61704,27.20719,93.61452,0.25284407182928664
517,320,518,27.207309999999996,93.61459,27.208009999999998,93.60469,0.9824263231632847
518,321,519,27.216340000000002,93.6632,27.21714,93.66539,0.23418754948699488
519,322,520,27.03606,93.39996,27.03548,93.39868,0.1422822963448023
520,323,521,27.06113,93.52493,27.033340000000003,93.38968,13.750457193363594
521,324,522,27.06478,93.53404,27.0394,93.46921,7.015177621287308
522,325,523,27.03612,93.39876,27.06209,93.52331,12.671952184424294
523,326,524,27.21635,92.61269,27.25463,92.67099,7.167532160842202
524,327,525,27.21104,92.46734000000001,27.0147,92.417,22.40036380411928
525,328,526,27.091990000000003,92.58928,27.09263,92.58901999999999,0.07569996565252446
526,329,527,27.20246,92.59198,27.21588,92.61241,2.5124630410784357
527,330,528,27.19315,92.57305,27.1929,92.57330999999999,0.03788064977680574
528,331,529,27.19812,92.57523,27.203559999999996,92.59131,1.701970700114414
529,332,530,27.0131,92.41383,26.964140000000004,92.42258000000001,5.514438490946641
530,333,531,27.01482,92.63816,27.210240000000002,92.67175999999999,21.9896208292316
531,334,532,27.028640000000003,92.6112,27.01458,92.6415,3.3852416539076167
532,335,533,27.01683,92.63675,27.03128,92.61194,2.93710568789305
533,335,534,27.01683,92.63675,27.017020000000002,92.63709,0.03977090393961631
534,336,535,27.33026,92.26484,27.329620000000002,92.24818,1.6477809092438447
535,337,536,27.419109999999996,92.29915,27.427509999999998,92.31789,2.0727432627878306
536,338,537,27.39067,92.20235,27.425320000000003,92.20618,3.8726245726513686
537,339,538,27.359009999999998,92.24564000000001,27.359859999999998,92.24577,0.0954135853715968
538,340,539,27.34419,92.2707,27.34478,92.271,0.07200881118619597
539,341,540,27.40912,92.28835,27.418409999999998,92.29854,1.442256833865757
540,342,541,27.38745,92.20732,27.3779,92.22309,1.8852971014071345
541,343,542,27.38803,92.20679,27.37942,92.21502,1.2561388725741582
542,344,543,27.39367,92.17877,27.36678,92.17916,2.991218250186214
543,345,544,27.354540000000004,92.24883,27.37773,92.27065999999999,3.362067205858529
544,346,545,27.420090000000002,92.12402,27.417659999999998,92.13082,0.7237598390535561
545,347,546,27.377309999999998,92.26974,27.33098,92.2661,5.165809853384896
546,348,547,27.45017,92.11724,27.408509999999996,92.28948000000001,17.624520309170236
547,349,548,27.360229999999998,92.24005,27.450290000000003,92.11922,15.579155331269623
548,349,549,27.360229999999998,92.24005,27.356070000000003,92.23419,0.7411038778337393
549,350,550,27.401320000000002,92.50718,27.4441,92.51205999999999,4.782742596992834
550,351,551,27.33933,92.4714,27.40124,92.50683000000001,7.724521958916423
551,352,552,27.3557,92.4882,27.338209999999997,92.47126999999999,2.565624473560729
552,353,553,27.37252,92.53378000000001,27.34282,92.51246,3.917820288918076
553,354,554,27.44363,92.51191999999999,27.371109999999998,92.53633,8.418816085975823
554,355,555,27.263640000000002,92.42317,27.434,92.46894,19.48119448105092
555,355,556,27.263640000000002,92.42317,27.368609999999997,92.48213,13.04897796865384
556,355,557,27.263640000000002,92.42317,27.26388,92.42841,0.5187817781550608
557,356,558,27.03657,92.14336,27.036759999999997,92.14344,0.022571051432259376
558,357,559,26.922459999999997,92.12534000000001,26.922159999999998,92.12886,0.35068679433941735
559,358,560,27.04603,92.13786,27.033040000000003,92.17026,3.520121983974825
560,359,561,27.10568,92.11581,27.09977,92.10604000000001,1.1696007153766177
561,360,562,27.07866,92.11795,27.069129999999998,92.12528,1.2847877008727102
562,361,563,27.17395,92.21324,27.176309999999997,92.21262,0.26957622686624927
563,362,564,27.106690000000004,92.11654,27.10653,92.11598000000001,0.05823304232375539
564,363,565,27.076209999999996,92.12299,27.0751,92.10823,1.4670312349849404
565,364,566,26.914640000000002,92.12472,27.069290000000002,92.14165,17.28334238667522
566,365,567,27.03592,92.12808000000001,27.173240000000003,92.20461999999999,17.050860079113296
567,366,568,27.07556,92.1084,26.92241,92.12553,17.119237557037085
568,366,569,27.07556,92.1084,27.03518,92.11561,4.5478905776017
569,366,570,27.07556,92.1084,27.117690000000003,92.07519,5.724844753400387
570,367,571,27.34253,92.74088,27.397640000000003,92.74814,6.171681847157667
571,368,572,27.40813,92.53531,27.456979999999998,92.52452,5.537006987634732
572,369,573,27.39753,92.74825,27.4309,92.76038,3.9001924456221
573,370,574,27.371859999999998,92.59061,27.4129,92.64052,6.718139152178134
574,371,575,27.3704,92.54491999999999,27.37262,92.5905,4.509022010061738
575,372,576,27.405829999999998,92.53571,27.406809999999997,92.5339,0.2093480103364311
576,373,577,27.372040000000002,92.54471,27.37033,92.54508,0.1936825073725713
577,373,578,27.372040000000002,92.54471,27.372159999999997,92.54491,0.02384176048624618
578,373,579,27.372040000000002,92.54471,27.40829,92.53886,4.073263260676913
579,373,580,27.372040000000002,92.54471,27.38014,92.55395,1.2824520435924551
580,374,581,27.20833,92.40429,27.20828,92.40471,0.04191792648262113
581,375,582,27.18817,92.33091999999999,27.187279999999998,92.32949,0.17267863964244795
582,376,583,27.19649,92.39803,27.195890000000002,92.39891999999999,0.11048446670568436
583,377,584,27.2186,92.43096,27.215840000000004,92.43422,0.44522632379363847
584,378,585,27.1884,92.36291,27.186909999999997,92.36115,0.24039632837257544
585,379,586,27.21068,92.40541999999999,27.204179999999997,92.29059000000001,11.382317519242049
586,380,587,27.20611,92.40035,27.20567,92.40084,0.06888295655819716
587,381,588,26.91538,92.12671,26.961140000000004,92.22577,11.063259554099707
588,382,589,27.1286,92.26008,27.12663,92.26308,0.3690700755654385
589,383,590,27.18892,92.39747,27.16528,92.39497,2.6410838564451056
590,384,591,27.309490000000004,92.59736,27.30975,92.59764,0.04002683878881717
591,385,592,27.21935,92.49418,27.22458,92.49201,0.6200647817635423
592,386,593,27.3244,92.43789,27.321540000000002,92.45554,1.7729511312537618
593,387,594,27.22425,92.49255,27.29015,92.51371,7.62280738704281
594,388,595,27.205940000000002,92.49245,27.214440000000003,92.49476999999999,0.9729084156776269
595,389,596,27.24393,92.52055,27.243579999999998,92.52854,0.7910958023939023
596,390,597,27.207829999999998,92.55369,27.20818,92.55431999999999,0.07348136178967202
597,391,598,27.19681,92.47542,27.19929,92.47039000000001,0.5689671551021814
598,392,599,27.196759999999998,92.47538,27.197440000000004,92.4735,0.20078365717176305
599,393,600,27.201,92.47474,27.20011,92.47459,0.10010059032622487
600,394,601,27.20525,92.49356999999999,27.203470000000003,92.49427,0.20974979248156855
601,395,602,27.207440000000002,92.47010999999999,27.20709,92.46978,0.050806028942210785
602,396,603,27.21122,92.4676,27.211170000000003,92.46869000000001,0.10796580751597926
603,397,604,27.190559999999998,92.47288,27.197359999999996,92.48956,1.8153133737152214
604,398,605,27.244059999999998,92.41625,27.24203,92.42041,0.4692807173069097
605,399,606,27.312490000000004,92.37076,27.31227,92.37075,0.02449051245122059
606,400,607,27.354540000000004,92.24883,27.3896,92.29876,6.287411239555001
607,401,608,27.342409999999997,92.2736,27.2295,92.24208,12.939707535542107
608,402,609,27.33803,92.32995,27.35705,92.32292,2.2266859783943382
609,403,610,27.342109999999998,92.38587,27.38509,92.37279000000001,4.952191805883322
610,404,611,27.31305,92.39432,27.31315,92.39446,0.017752679344665276
611,405,612,27.34239,92.35221,27.328909999999997,92.43778,8.587001301990886
612,405,613,27.34239,92.35221,27.342209999999998,92.3858,3.318855039507825
613,406,614,27.34195,92.7403,27.29897,92.70898000000001,5.695126764968012
614,407,615,27.33809,92.76111999999999,27.35701,92.80309,4.650033478783257
615,408,616,27.293359999999996,92.7769,27.29334,92.77755,0.06428883412204715
616,409,617,27.314429999999998,92.76785,27.35153,92.72561,5.869377122036992
617,410,618,27.33894,92.74003,27.31379,92.76699,3.863044921269307
618,410,619,27.33894,92.74003,27.31138,92.6837,6.354720434878099
619,410,620,27.33894,92.74003,27.34068,92.73875,0.23119807145348806
620,411,621,28.21637,94.83521999999999,28.21513,94.83853,0.3525239586747374
621,412,622,28.18038,94.81023,28.171529999999997,94.81076999999999,0.9858069034142297
622,413,623,28.21745,94.85904000000001,28.193409999999997,94.85752,2.6781129553328555
623,414,624,28.219590000000004,94.85655,28.21902,94.85649000000001,0.06367313833576571
624,415,625,28.22005,94.85512,28.21837,94.85495,0.18760745391190126
625,416,626,28.149729999999998,94.8064,28.1503,94.81265,0.6162267952720996
626,417,627,28.171359999999996,94.81089,28.15217,94.80691999999999,2.169712549529401
627,418,628,28.0587,94.82479000000001,28.17738,94.81916,13.212305925470837
628,419,629,28.15265,94.80485,28.137359999999997,94.80377,1.7039995506648737
629,420,630,28.122809999999998,94.83533,28.022579999999998,94.8226,11.218353419353528
630,421,631,28.05235,94.72423,28.07292,94.80436999999999,8.191981142366593
631,422,632,28.11603,94.83997,28.1444,94.83223000000001,3.2456392735980155
632,422,633,28.11603,94.83997,28.12002,94.83372,0.7569047919878558
633,422,634,28.11603,94.83997,28.12265,94.83582,0.8413948268155143
634,422,635,28.11603,94.83997,28.058259999999997,94.82824000000001,6.528031575193038
635,422,636,28.11603,94.83997,28.06095,94.82598,6.27846665032947
636,422,637,28.11603,94.83997,28.05087,94.7113,14.559125180068941
637,422,638,28.11603,94.83997,28.12835,94.83315999999999,1.5245181034372635
638,422,639,28.11603,94.83997,28.0802,94.8449,4.014614855952445
639,422,640,28.11603,94.83997,28.079279999999997,94.84154000000001,4.090598122458408
640,422,641,28.11603,94.83997,28.11723,94.84546999999999,0.5558340039956254
641,422,642,28.11603,94.83997,28.116020000000002,94.83995999999999,0.0014831218233887467
642,423,643,28.19695,94.71602,28.1992,94.7165,0.25465212587216074
643,424,644,28.12935,94.78918,28.129620000000003,94.78278,0.6285057677464543
644,425,645,28.19238,94.74118,28.12848,94.78728000000001,8.423464887073095
645,426,646,28.18948,94.76675,28.192970000000003,94.74073,2.580246544178702
646,427,647,28.192520000000002,94.73973000000001,28.18945,94.76666999999999,2.663060389537358
647,428,648,28.1771,94.72645,28.19207,94.76493,4.123753840684824
648,429,649,28.19285,94.73873,28.17943,94.72528,1.9917255394428244
649,430,650,28.19045,94.74481999999999,28.184379999999997,94.72605,1.960137574215144
650,431,651,28.159229999999997,94.79002,28.20075,94.73513,7.091634628855175
651,432,652,28.19557,94.70708,28.191370000000003,94.74458,3.7058099948690217
652,433,653,28.063,94.74864000000001,28.159570000000002,94.78662,11.369403657385682
653,434,654,28.06135,94.74638,28.19408,94.70345,15.352386795116074
654,435,655,28.08639,94.78792,28.06137,94.7464,4.934532398352722
655,436,656,28.077,94.75983000000001,28.06216,94.74329,2.3151452236401155
656,437,657,28.078559999999996,94.75647,28.08622,94.79347,3.729616943690979
657,438,658,28.07708,94.75997,28.0765,94.76019000000001,0.06803035583667981
658,439,659,28.092809999999997,94.74753,28.08669,94.72953000000001,1.892942389769089
659,440,660,28.093609999999998,94.74475,28.09344,94.74566999999999,0.09223386650512955
660,441,661,28.083809999999996,94.77308000000001,28.09269,94.74525,2.9040760431151496
661,441,662,28.083809999999996,94.77308000000001,28.08833,94.74175,3.115297955914613
662,441,663,28.083809999999996,94.77308000000001,28.0845,94.77569,0.26737962717429525
663,442,664,28.15723,94.68027,28.14987,94.66001999999999,2.1480325615218643
664,443,665,28.08372,94.6844,28.1529,94.67819,7.718958322937582
665,444,666,28.05041,94.67647,28.1111,94.68936,6.868037651591061
666,445,667,28.13304,94.66195,28.083740000000002,94.68439000000001,5.909087171141241
667,446,668,28.13372,94.65675,28.114690000000003,94.6517,2.1739006823547777
668,447,669,28.192520000000002,94.73973000000001,28.13247,94.65521,10.644597420679533
669,448,670,28.15455,94.71894,28.15457,94.71884,0.010056038164522546
670,448,671,28.15455,94.71894,28.15069,94.71726,0.45987434911815694
671,449,672,28.030790000000003,94.67914,28.03108,94.68023000000001,0.11177389271517713
672,450,673,28.03115,94.67905,28.031879999999997,94.6787,0.08816988182081992
673,451,674,27.961509999999997,94.71795,28.00355,94.74528000000001,5.391898077669244
674,452,675,27.96755,94.68483,27.945359999999997,94.74405,6.3202195016307305
675,453,676,27.99401,94.68504,27.9642,94.66229,3.9985267222025254
676,454,677,27.973390000000002,94.68584,27.988609999999998,94.69738000000001,2.037374447266222
677,455,678,27.970340000000004,94.67564,27.991740000000004,94.6991,3.313041203968574
678,456,679,28.02461,94.68044,27.993779999999997,94.70127,3.9929641755267373
679,457,680,27.929029999999997,94.70995,27.994709999999998,94.68469,7.715574588776326
680,458,681,27.98613,94.79972,27.972490000000004,94.68479,11.390943746806164
681,459,682,27.98452,94.69501,27.96701,94.68401999999999,2.2268261989811258
682,459,683,27.98452,94.69501,27.981340000000003,94.66564,2.9064908624278343
683,459,684,27.98452,94.69501,28.024540000000002,94.67984,4.694100562310999
684,459,685,27.98452,94.69501,27.961479999999998,94.71751,3.3842213875293314
685,459,686,27.98452,94.69501,27.96325,94.71547,3.1043270879479317
686,459,687,27.98452,94.69501,27.928440000000002,94.70913,6.390174185652977
687,459,688,27.98452,94.69501,27.99513,94.83058,13.367796759929629
688,459,689,27.98452,94.69501,27.986040000000003,94.7997,10.28441041699086
689,459,690,27.98452,94.69501,27.982429999999997,94.70094,0.627152208246779
690,460,691,28.2178,94.61504000000001,28.215490000000003,94.61695999999999,0.3184830652600534
691,461,692,28.33305,94.6746,28.33245,94.6742,0.07737968421058307
692,462,693,28.26779,94.6747,28.26881,94.70186,2.663133857442408
693,463,694,28.270129999999998,94.67623,28.280040000000003,94.66733,1.4053907561564198
694,464,695,28.21773,94.64941,28.21673,94.64845,0.14568866151140047
695,465,696,28.259840000000004,94.67583,28.243990000000004,94.66131,2.2654171405774517
696,466,697,28.23698,94.66589,28.23647,94.66558,0.06434904322425457
697,467,698,28.21919,94.61583,28.20897,94.59971999999999,1.9456407936715938
698,468,699,28.28075,94.668,28.228540000000002,94.60264000000001,8.644839277036574
699,468,700,28.28075,94.668,28.29955,94.64924,2.7836957174048607
700,469,701,27.89136,94.7623,27.89205,94.76111999999999,0.13909463684652426
701,470,702,27.885009999999998,94.77305,27.88542,94.77261,0.06285725548909323
702,471,703,27.863640000000004,94.80305,27.8768,94.82204,2.37261316593833
703,472,704,27.873490000000004,94.82104,27.86478,94.80131,2.1684849687635417
704,473,705,27.905309999999997,94.74354,27.898529999999997,94.86162,11.63166091018872
705,474,706,27.90172,94.74908,27.90493,94.74309000000001,0.6886036910535558
706,475,707,27.84627,94.77955,27.901190000000003,94.75001999999999,6.7636716499887175
707,475,708,27.84627,94.77955,27.84576,94.77929,0.062224225905089026
708,476,709,27.8375,94.63331,27.83713,94.63394,0.07438725965926275
709,477,710,27.83219,94.6799,27.8328,94.67994,0.06796417917242474
710,478,711,27.816540000000003,94.71252,27.8177,94.71263,0.12947960348183474
711,479,712,27.84334,94.62416999999999,27.8441,94.62504,0.12028183317888748
712,480,713,27.84177,94.6261,27.842129999999997,94.62517,0.0998499015319295
713,481,714,27.794829999999997,94.49481,27.81591,94.4849,2.5393676435109946
714,482,715,27.792109999999997,94.47681999999999,27.76085,94.41887,6.679407166220201
715,483,716,27.759870000000003,94.41923,27.734790000000004,94.36504000000001,6.019824921521632
716,483,717,27.759870000000003,94.41923,27.81464,94.60226999999999,19.014101365213175
717,483,718,27.759870000000003,94.41923,27.816290000000002,94.57309000000001,16.389302708029845
718,483,719,27.759870000000003,94.41923,27.79495,94.47408,6.660525545219399
719,484,720,28.22922,94.868,28.244059999999998,94.91305,4.713114150298324
720,485,721,28.243440000000003,94.91299000000001,28.25426,94.91711,1.2694062191967723
721,486,722,28.21275,94.82630999999999,28.21467,94.82266,0.4166485123998077
722,487,723,28.20707,94.80639000000001,28.216079999999998,94.81019,1.069156274648134
723,488,724,28.24307,94.83417,28.22199,94.86168,3.5729055169643837
724,489,725,28.22887,94.86636,28.25238,94.82666,4.687425328585983
725,490,726,28.207359999999998,94.8121,28.240679999999998,94.8715,6.901138554851662
726,491,727,28.20849,94.79575,28.20842,94.79638,0.062241193778853975
727,492,728,28.21401,94.82751999999999,28.209540000000004,94.79064,3.6488788336863314
728,493,729,28.20652,94.81154000000001,28.206290000000003,94.8116,0.026250186337791494
729,493,730,28.20652,94.81154000000001,28.19561,94.79975,1.6758089270224565
730,494,731,28.31754,94.67546999999999,28.3114,94.70443,2.916900470524136
731,495,732,28.42176,94.67832,28.3116,94.70331,12.494807046088686
732,496,733,28.352909999999998,94.68049,28.42264,94.67749,7.761609903907092
733,497,734,28.352890000000002,94.67973,28.35485,94.68496,0.5564292709206493
734,498,735,28.39882,94.69115,28.3529,94.68051,5.212735786530087
735,499,736,28.40077,94.68598,28.40767,94.6932,1.043089063829912
736,500,737,28.45777,94.68328000000001,28.396929999999998,94.68224000000001,6.76798766064795
737,500,738,28.45777,94.68328000000001,28.455040000000004,94.68219,0.3218225395418799
738,501,739,27.65232,94.68592,27.65227,94.67707,0.8719657619004111
739,502,740,27.555159999999997,94.50140999999999,27.57945,94.46446,4.535795405032601
740,503,741,27.70161,94.84515999999999,27.70543,94.84361,0.451484219584788
741,504,742,27.705409999999997,94.84352,27.71006,94.84595999999999,0.5703064494814736
742,505,743,27.658340000000003,94.70828,27.668309999999998,94.74014,3.3288450419867233
743,506,744,27.67809,94.79065,27.57597,94.49936,30.87163277445287
744,507,745,27.656940000000002,94.70445,27.68565,94.78855,8.878697961809245
745,508,746,27.660040000000002,94.69646999999999,27.6523,94.68609000000001,1.3367891798440241
746,509,747,27.668329999999997,94.74016999999999,27.65956,94.71139000000001,2.9983716376241323
747,510,748,27.590459999999997,94.55184,27.662390000000002,94.69145,15.915542208222865
748,510,749,27.590459999999997,94.55184,27.604879999999998,94.56284000000001,1.9360657560720866
749,510,750,27.590459999999997,94.55184,27.72837,94.71106999999999,21.940667541456552
750,511,751,28.0807,94.48919000000001,28.092,94.44893,4.145882788090237
751,512,752,28.106690000000004,94.57595,28.08878,94.56319,2.35289776031512
752,513,753,28.07227,94.49614,28.05596,94.5081,2.1608324619053128
753,514,754,28.13144,94.57015,28.10768,94.57434,2.6745949690050113
754,515,755,28.072259999999996,94.49568000000001,28.071720000000003,94.49648,0.09885538558416103
755,516,756,28.0735,94.49735,28.10156,94.48026,3.543134735343829
756,517,757,28.0728,94.49779000000001,28.062659999999997,94.48331,1.8143500513791482
757,518,758,28.134179999999997,94.60840999999999,28.080659999999998,94.48909,13.133389379803459
758,518,759,28.134179999999997,94.60840999999999,28.1312,94.57005,3.777262408573381
759,518,760,28.134179999999997,94.60840999999999,28.1213,94.62637,2.270737861179051
760,519,761,28.77839,94.28017,28.777240000000003,94.27995,0.12970003472901315
761,520,762,28.77615,94.27984000000001,28.7783,94.27775,0.3141782708339267
762,521,763,28.73915,94.3003,28.73873,94.3007,0.060863152953129135
763,522,764,28.6589,94.33963,28.65842,94.34054,0.1036308226689952
764,523,765,28.604509999999998,94.39916,28.60466,94.39965,0.05067564789523259
765,524,766,28.78285,94.27976,28.78513,94.27708,0.3641066654593876
766,525,767,28.756159999999998,94.28696,28.755959999999998,94.28686,0.024289296642980518
767,526,768,28.812179999999998,94.26071,28.8325,94.24401,2.7851335604389345
768,527,769,28.80244,94.2705,28.81352,94.26075,1.556244047949022
769,528,770,28.80289,94.27087,28.80883,94.28442,1.4767140225186133
770,529,771,28.72317,94.30315999999999,28.7997,94.27963000000001,8.81619678874521
771,529,772,28.72317,94.30315999999999,28.7231,94.30436,0.11731056726760765
772,530,773,28.5968,94.14301999999999,28.596740000000004,94.14301,0.0067448675330680705
773,531,774,28.614240000000002,94.11621,28.625629999999997,94.10283000000001,1.8198282507644539
774,532,775,28.5785,94.1571,28.60026,94.1645,2.5259658413141035
775,533,776,28.599890000000002,94.13448000000001,28.60352,94.12984,0.606916918744729
776,534,777,28.531540000000003,94.29196,28.53166,94.29241999999999,0.04689164033562284
777,535,778,28.50895,94.45145,28.63324,94.07473,39.310900959550786
778,536,779,28.59842,94.13765,28.509109999999996,94.4513,32.21379767603971
779,537,780,28.59907,94.1392,28.597759999999997,94.13828000000001,0.17118450556616102
780,538,781,28.54631,94.2321,28.61245,94.11632,13.491338135529688
781,539,782,28.60124,94.14773000000001,28.546,94.23203000000001,10.274333497034274
782,540,783,28.603709999999996,94.10734000000001,28.579,94.15857,5.708630366208686
783,541,784,28.51561,94.4149,28.61135,94.10754,31.85902570799071
784,542,785,28.51156,94.40606,28.5157,94.41509,0.995484995634495
785,543,786,28.53029,94.37543000000001,28.49093,94.402,5.090305900176097
786,544,787,28.533720000000002,94.37573,28.53027,94.3758,0.3838038877727523
787,545,788,28.52996,94.37408,28.531309999999998,94.37424,0.1509721135768774
788,546,789,28.61407,94.07370999999999,28.5333,94.37543000000001,30.811575232654146
789,547,790,28.51223,94.4766,28.528890000000004,94.37314,10.27971836819785
790,547,791,28.51223,94.4766,28.61403,94.08140999999999,40.23319402943329
791,547,792,28.51223,94.4766,28.510579999999997,94.47712,0.19043671573536822
792,548,793,28.58503,94.66301,28.58983,94.67214,1.0393377644188044
793,549,794,28.64595,94.65165,28.646079999999998,94.65169,0.014977784066905772
794,550,795,28.5056,94.65374,28.6523,94.6214,16.62036855983061
795,551,796,28.577379999999998,94.64656,28.531609999999997,94.65887,5.231121702730842
796,552,797,28.538429999999998,94.60566999999999,28.577659999999998,94.64709,5.951095673222265
797,552,798,28.538429999999998,94.60566999999999,28.55094,94.59894,1.539040904519729
798,553,799,28.31617,94.80268000000001,28.308709999999998,94.78984,1.5064650140077218
799,554,800,28.28203,94.84285,28.293770000000002,94.84546999999999,1.33081449831361
800,555,801,28.31032,94.88776999999999,28.28635,94.84109000000001,5.292342848971121
801,556,802,28.30995,94.8895,28.315890000000003,94.80208,8.585927374002454
802,557,803,28.3173,94.81513000000001,28.32018,94.84461999999999,2.905319189112265
803,558,804,28.31997,94.8446,28.30945,94.88963000000001,4.562038807611298
804,558,805,28.31997,94.8446,28.30805,94.89228,4.853547925395421
805,558,806,28.31997,94.8446,28.37704,94.78981,8.310357370707914
806,558,807,28.31997,94.8446,28.36805,94.86418,5.681056800833046
807,559,808,27.99261,94.53076,27.975690000000004,94.52639,1.9303380891996729
808,560,809,28.02567,94.54018,28.04252,94.53149,2.05927644056027
809,561,810,28.02583,94.58928,28.020870000000002,94.58612,0.632964833812161
810,562,811,28.026,94.60817,28.023259999999997,94.60331,0.5662126915647516
811,563,812,28.02682,94.5678,28.040459999999996,94.57328000000001,1.6097480670567113
812,564,813,28.019920000000003,94.5248,28.02575,94.54088,1.7068647985046552
813,565,814,28.02617,94.56981999999999,28.025840000000002,94.56925,0.06692936671427088
814,566,815,28.040570000000002,94.57266,28.045070000000003,94.57785,0.7142357695577982
815,567,816,28.022190000000002,94.57653,27.99195,94.53016,5.661268320362314
816,568,817,28.03691,94.63231,27.99132,94.57908,7.282626954525735
817,569,818,28.001890000000003,94.52949,28.036209999999997,94.63218,10.78182779676045
818,570,819,28.04709,94.57748000000001,28.02379,94.51576,6.590494721596455
819,570,820,28.04709,94.57748000000001,28.00158,94.52946999999999,6.917106703422577
820,570,821,28.04709,94.57748000000001,28.04753,94.58711,0.9466138473875464
