GP,LAT,LONG
40TH MILE,27.59354,93.02056
BEYONG,27.58059,92.97483
JOKHIO,27.65321,93.02851
JOMOH,27.65759,92.996
KHENEWA,27.61787,93.02028
LONDA,27.51356,93.01983
LORRAH,27.53215,92.98778
MARGINGLA,27.63172,93.03794
PAFFA,27.60251,93.05906
PAKKE,27.56244,92.97796
PANGIA,27.63622,93.02289
PORDUNG,27.60633,93.01884
REWA SOLUNG,27.61233,92.91269
SANGBIA,27.6194,93.05479
WAII,27.59665,92.94682
BAMENG-1,27.54462,92.94383
BAMENG-II/TARA,27.55118,92.94504
EFFA,27.50712,92.90909
GIKUNG,27.56375,92.80328
LADA,27.56874,92.77727
LAPUNG,27.54479,92.89611
LOWER LIYAK/SEKONG,27.51922,92.82169
MIORANG,27.53532,92.96269
POUBE,27.55134,92.87454
ROJO/WAKKE,27.55642,92.7431
SACHUNG,27.61791,92.73761
TALLO,27.51402,92.97806
TAWE,27.62668,92.74669
UPPER LIYAK,27.53115,92.84473
WABLONG,27.5595,92.78906
BANA CAMP,27.28008,92.8815
BANA VILLAGE,27.28024,92.8912
CHIJANG,27.29186,92.8486
FENGCHE,27.32251,92.96218
NARINGWA,27.30578,93.01694
NEPING,27.29737,92.95211
SILLA,27.31656,92.89779
TALLOMSIMA RICHUKHORANG,27.38399,92.82402
TATATARA,27.33183,93.05416
WATTE,27.29884,92.94435
YANGSEY,27.28282,92.85078
CHAYANGTAJO,27.67926,93.13953
CHAYANGTAJO MODEL VILLAGE,27.68397,93.13155
DOMDILA,27.66956,93.10839
JAYANG BAGANG,27.75411,93.17768
KILLO,27.68257,93.10094
NAMCHAR BAGANG,27.64808,93.11395
REBE,27.69769,93.12135
SANCHU,27.68501,93.15269
TAGAMPU,27.72619,93.11631
WADA BAGANG,27.70493,93.16401
YANGFO,27.73846,93.14642
KEKO,27.16407,93.19413
KHODASO,27.18224,93.28473
LOWER BAZAR LINE,27.16107,93.21465
NGOLEKO,27.20851,93.13736
PASSA CAMP,27.2123,93.11713
RILLOH-I,27.21978,93.17428
RILLOH-II,27.20487,93.15048
SUCHUNG,27.14327,93.1443
TAOSA,27.17612,93.25028
GUMTUNG,27.2908,93.1356
LOGONI,27.29209,93.07172
LUNDUNG,27.28815,93.07049
NERE,27.26941,93.04023
NINGCHO,27.24783,93.03077
PAKRO,27.23513,93.07198
PALIN,27.2988,93.1399
PIPOKORO,27.29366,93.06445
SEBA,27.22838,93.03411
SEDE,27.29643,93.10529
TAROYAR/PATIWA,27.2515,93.06485
VEO,27.27458,93.08742
BOKAR,27.53951,93.09645
DIPULAMGU,27.51576,93.11472
DOKA,27.58235,93.13314
DOKRE,27.47485,93.13529
FLAGO,27.60912,93.12253
JOTTE CHEDA,27.55267,93.14384
KAPUDADA,27.49287,93.06912
LOCHUNG,27.52774,93.06651
PIPU,27.55646,93.1175
RICHI LAMGU,27.46319,93.11414
TABRI,27.51734,93.05186
BENGDE,27.66158,93.03802
BODO,27.67934,93.04011
KREMA PAO,27.66128,93.05123
LAMNIO,27.70959,93.01306
NARI CAMP,27.64753,93.0757
SARIA,27.73379,93.00262
VEO,27.71382,93.03079
YAKLI,27.72908,93.059
BALI,26.97547,93.01646
DARLONG,26.93865,92.99414
GOLOSO,26.9993,93.04207
JOLLY,27.01066,93.0416
NITI DARLONG,26.93262,92.98942
SEIJO-II,26.95216,93.00418
SEIJOSA -I BLOCK,26.95778,93.01108
TAPISO,26.9982,93.14251
HAMBAPINDA,27.40574,92.98762
JAYANTI,27.31483,92.98245
JEJUDADA,27.41764,93.06387
KAKUKAO,27.34735,93.07007
LAI MOYA,27.41575,93.08164
LOFFA,27.39184,93.00985
MEBUA,27.41487,93.01077
MONGKHYA,27.45922,93.02279
PABUA,27.41566,93.05926
PACHI/ATTARANG SIGHI,27.48026,93.03
PAMPOLI,27.3184,93.00279
RANG,27.36364,93.02775
SENGRIWA,27.39494,93.02477
TALLONG,27.46785,93.01442
WESHI,27.44004,93.01466
BILAT BAMIN-I,27.94316,95.18487
BILAT BAMIN-II,27.94408,95.18229
LEDUM-I,27.94775,95.12678
LEDUM-II,27.94551,95.13254
MIGLUNG,27.96878,95.22917
MIKONG -I,27.91892,95.24036
MIREM-I,27.95838,95.20193
MIREM-III,27.95514,95.20719
MIREM-V,27.95469,95.20536
REMI,27.96399,95.23788
BALEK,28.06054,95.2876
BERUNG,27.97621,95.34785
BOYING,28.05769,95.28848
DIKING,28.05123,95.31416
GUNE,28.06407,95.289
KELEK MIRBUK,28.06408,95.28429
KELEK-ROING,28.06079,95.27804
MIRKU (GENGKUNG),28.05835,95.32197
MIRKU DAPI,28.05868,95.32313
MIRSAM-I,28.06182,95.3174
MONGKU,28.05713,95.2826
NAPIT,28.03805,95.30808
RASAM,28.06406,95.28683
RENGGING,28.14145,95.27452
TEBO,28.08811,95.31082
TIGRA,28.06642,95.28668
TIGRA MIRBUK (LOWER),28.06048,95.31095
TIGRA MIRBUK (UPPER),28.06176,95.309
YAPGO,28.06185,95.29661
DOSING,28.33259,94.97657
LILLENG,28.3354,94.96074
LISSING-MESSING,28.50398,94.80191
PARENG,28.38616,94.91674
RENGO,28.31924,94.97195
SINE,28.41921,94.88096
SUPSING,28.45217,94.90446
YIBUK,28.45355,94.84359
YINGKU,28.44335,94.87971
RUNNE-I,28.02372,95.27661
SIBUT,28.01046,95.2421
TAKILALUNG-I,28.01801,95.26331
TAKILALUNG-II,28.02072,95.26449
TAKILALUNG-III,28.02322,95.26291
TEKANG-I,28.01278,95.22992
TEKANG-II,28.01368,95.22961
YAGRUNG-I,28.01175,95.23846
YAGRUNG-II,28.01191,95.2321
YAGRUNG-III,28.00674,95.22609
KAKKI,27.98311,94.97565
KORANG,27.94447,95.0651
MANE-LIPIN,27.88419,94.99762
SAKU-LOGLU-MOKU,27.89285,94.93985
SIPU-SIDO-TENE,27.96114,95.04885
AOHALI,28.20972,95.53136
AYENG BEGING,28.14346,95.35909
AYENG BESOK,28.14091,95.36385
BODAK,28.15953,95.25602
DARNE,28.16482,95.41711
MEBO GIDUM,28.17013,95.41477
MEBO GINGKONG,28.16483,95.41059
MOTUM,28.0821,95.43005
RALLING,28.08312,95.41671
SIGAR,28.07515,95.39667
SILLUK,28.17471,95.49351
BOGRULI,28.04968,95.4672
GADUM,27.89057,95.51587
KIYIT YITDUM,28.06032,95.47285
KIYIT YITKONG,28.05681,95.46983
NAMSING ANGGO,27.9262,95.48899
NAMSING SANGGO,27.92681,95.48932
NEW BORGULI,28.0315,95.46203
NGOPOK POKKONG,28.06227,95.47889
NGOPOK-POKDUM,28.0689,95.48645
SERAM PALEK,27.99877,95.47972
SERAM RAMKU,27.99893,95.47939
DEPI,27.80941,95.10929
DEPI MOLI,27.81522,95.11476
DEPI-A,27.80828,95.11031
DETAK,27.82469,95.11128
NARI-I,27.79598,95.05261
NARI-I(A),27.8004,95.04371
NEW DEKA,27.76628,94.97462
OLD DEKA,27.77875,94.9651
PAM,27.75688,94.92962
SEREN-I,27.74884,94.90257
BABUK,28.1355,95.10387
KALLEK,28.10401,95.16931
KEBANG,28.16046,95.03794
KORENG,28.22703,94.99473
LOKPENG,28.22972,94.91686
PANGIN,28.21223,94.99936
ROTTUNG,28.14359,95.15787
TARAK,28.2181,94.8969
YEKSI,28.23822,94.98815
YEMSING,28.10541,95.00521
BEGGING,28.32535,95.00557
JORSING,28.25929,95.04773
KOMSING (KARO),28.23999,95.01803
KOMSING (KUMKU),28.26065,95.01599
MOPIT,28.2956,94.96812
PANGI,28.1915,95.03631
RIEW (MOBUK),28.32654,95.05721
RIEW (REYDANG),28.33057,95.05942
RIEW (YABENG),28.32816,95.05556
SISSEN,28.14215,95.12346
PANGKANG (J),28.49637,95.08829
PANGKANG (K),28.51837,95.06771
PARONG-I,28.3462,95.02367
PARONG-II,28.36084,95.02112
RIGA MOBUK-I,28.43412,95.0438
RIGA MOBUK-II,28.43556,95.04302
RIGA MOBUK-III,28.43353,95.04489
RIGA-MONGKU-I,28.43457,95.03696
RIGA-MONGKU-III,28.43449,95.03693
RIGA-MONGKU-IV,28.43431,95.03926
SITANG,28.38415,95.05715
DEBING-I,27.82465,95.14777
DEBING-II,27.83386,95.14071
LINGKA,27.86823,95.25972
NGORLUNG-I,27.87257,95.22742
NGORLUNG-II,27.86901,95.21792
NGORLUNG-III,27.8637,95.22518
NIGLOK,27.90338,95.22792
RAYANG-I,27.85091,95.19816
RAYANG-II,27.84914,95.20547
RUKSIN,27.84365,95.22556
12-MILE,27.88927,95.29338
MANGNANG,27.91106,95.27796
OYAN-I,27.87987,95.31627
OYAN-II,27.87703,95.31492
RANI-I,27.96295,95.31373
RANI-II,27.9684,95.31824
RANI-III,27.97037,95.32829
SIKA BAMIN-I,27.91142,95.34324
SIKA BAMIN-II,27.91804,95.34564
SIKA TODE-I,27.93182,95.34629
SIKA TODE-II,27.9251,95.34449
SILLE,27.89387,95.30878
ANPUM-A,27.9736,95.58072
ANPUM-B,27.97501,95.58451
BIZARI-A,28.04519,95.61831
BIZARI-B,28.04091,95.61597
BOMJIR,28.15871,95.66544
LOKLUNG-KALING,27.9605,95.57163
POBLUNG-A,28.27028,95.62414
POBLUNG-C,28.25908,95.58227
REMI,28.27017,95.61225
SIRANG,28.26667,95.6151
TAPAT-KAPANG,28.25841,95.6005
TINALI KEBA,27.89441,95.52732
YAPGO,28.24965,95.59973
ALONI,28.37595,95.93103
BRINLI,28.30284,95.92394
DESALI,28.29271,96.04264
DONLI,28.28374,96.08121
ELOPE,28.34341,95.93677
HUNLI,28.32156,95.97039
JAMUPANI,28.33737,95.98043
MITAKA,28.29476,96.04939
ABALI-I AND II,28.04918,95.81887
IDULI,27.98969,95.81904
IMULI,27.97465,95.83727
OLD ABALI,28.01871,95.8664
ABANGO,28.09821,95.89333
BHISMAKNAGAR,28.04767,96.00018
DENLO,28.04369,95.90435
INJONU,28.085,95.90416
KORONU,28.06175,95.92826
BOLUNG-I,28.029,95.76083
BOLUNG-III,28.02765,95.75904
ITHILI-IDLI,28.04876,95.75449
JIA-I,28.05514,95.75884
JIA-II,28.0515,95.76402
KANGKONG,27.97292,95.75497
MEKA-I,28.11513,95.8217
MEKA-II,28.11312,95.81839
MOBANG-I,28.01219,95.76121
MOBANG-II,28.00128,95.75864
PARBUK,27.98645,95.75766
BALEK,28.08593,95.84932
CHETA I AND II,28.13379,95.84633
CHIDU,28.20555,95.77211
INTAYA,28.12128,95.75186
KEBALI,28.17847,95.81779
MAYU-I,28.13762,95.83032
RAYANG-II MIDLAND,28.13047,95.82773
SIMARI-I AND II,28.10229,95.89064
YIBUK-RAYANG,28.1289,95.8404
AKANG KOJ,27.58075,93.82734
BAMING AYO(NORTH),27.56899,93.82795
BAMING AYO(SOUTH),27.57003,93.8315
BURU,27.57249,93.83014
CHIGGING,27.57663,93.82805
DAPOPAGYANG,27.55024,93.82425
DILANG LEYU,27.57631,93.83167
LYAGI- TYAGI,27.57511,93.82955
MICHI AKANG,27.57052,93.82843
MICHI AYO,27.56948,93.82665
MOBYA,27.57728,93.82833
NENCHALIYA,27.58436,93.82739
PAREYAMI,27.534,93.82823
SIBE,27.54956,93.80969
SUKUNG -ARANG,27.57318,93.82843
TAGE NAMI,27.57446,93.83018
BAMING AKANG,27.56835,93.82962
CLUBTUKAR,27.51808,94.24606
NARANG PADA (TAYA),27.74767,94.1167
SHUIL,27.51105,93.77234
TAMING -I,27.75506,94.00554
TAMING-II,27.75488,94.00532
TAYASIMLA,27.74988,94.07317
TILLING BARANG (RITE),27.76282,94.1419
ATO EKHA URU(LUMRI),27.49551,93.73148
ATTO MARKU URU,27.58292,93.84166
LOWER TAIGYATI-I,27.5845,93.84646
LOWER TAIGYATI-III,27.59791,93.87362
MOBYA PECHA,27.57549,93.84378
MUDO GYATI-III,27.5789,93.84997
MUDO-GYATI,27.58025,93.84131
TAIGYATI AYO URU (EAST),27.58983,93.84703
TAIGYATI AYO URU(WEST),27.58394,93.84048
TAMANG TARANG (LOWER),27.58399,93.84104
TAMANG TARANG (TARIN),27.52019,93.82149
BUGYANG SUBUI,27.57758,93.82406
HIDU SUBU(MUDANG),27.5773,93.82251
HOJ LEYU,27.57974,93.82249
KIIRA LEYU,27.58028,93.82356
KUDUNG BARANG,27.59228,93.82577
NENCHALYA,27.59192,93.81696
NENTING LEYU,27.57766,93.82251
PURA(LOWER) NENKO,27.57812,93.82264
PYAGANG LEYU,27.57498,93.8226
SIIPI LEYU,27.57905,93.82476
SILLANG DITING,27.58288,93.82533
SUKUNG SUBU,27.5776,93.82555
DID RAKE,27.78151,93.93771
MINGIKABAKHUBA,27.89372,93.95073
RADUM,27.85541,93.97932
REPARI,27.7165,93.92656
YOM-SERING RAKE,27.78116,93.97498
YORKUM,27.82806,93.95414
YUKAR,27.78911,93.96804
AYI,27.68215,93.94837
BOASIMLA-II,27.73139,93.97995
GAA,27.74455,94.00901
TAMEN-III,27.75488,94.00532
YATTAP,27.69904,93.91143
BAKHANG TULU,27.56459,93.84801
CHEY TULU,27.55155,93.8319
DIKO PUTA,27.52404,93.8381
DOJI TULU ABA RADHE,27.5583,93.84559
GANCHO-PABU,27.55752,93.84624
KAGO TULU,27.56158,93.85247
KANI TABIN,27.56489,93.84544
LAMBU LEYU,27.5566,93.84526
MIRING,27.52313,93.83142
NORTH PUNYO,27.5589,93.84712
SICHUSII,27.52096,93.84128
WEST PUNIYO(MYOLI),27.55941,93.847
KACHOPULO,27.55872,93.84851
KIIRA LIYU(BIIDI),27.55739,93.85094
LAMPUNG DOLIYANG,27.55553,93.84571
NAMI,27.55745,93.85029
NARANG,27.59731,93.83971
PAMUAGIYANG,27.54666,93.84564
PILIYA,27.54375,93.84692
PULO TULU,27.55536,93.853
TALO UKO(TALO UPPER),27.54161,93.75772
TAMANG URU,27.5588,93.85392
TILLING LEYU,27.55804,93.84939
WEST SAJI TULU,27.55741,93.84875
AMBAM,27.48409,93.63501
DEED,27.59686,93.67293
DEM,27.60803,93.65937
KUGI TAGO,27.55603,93.63137
NEELAM,27.57685,93.67695
PANIA,27.54706,93.68459
RADHPU,27.58928,93.6556
SEYA,27.61609,93.6957
SHALLY,27.47305,93.6862
SITHO,27.53949,93.62505
YOGLU,27.51432,93.71205
BOASIMLA - I,27.73083,93.9899
DOKUM,27.80306,94.08217
GODAK,27.82489,94.18629
KEMLIKO,27.8246,94.13591
KIGAM,27.82049,94.15844
MILI,27.79707,93.99039
NIMAR,27.7762,94.07377
RAGA-I,27.7904,94.07188
RAGA-II,27.79877,94.07627
RAGA-III,27.79259,94.07731
YADA,27.79313,94.06371
KIIRA ARANG(NANI AYO),27.59598,93.84195
KOL NENTING,27.59507,93.8409
LENDA LEYU(LENDING),27.693,93.89218
NAGU ARANG(HABUNG AKANG),27.59771,93.84338
NENTING LEYU,27.59747,93.84818
RAGUNG SUKUNG,27.59434,93.84631
SUBU AGO LEYU,27.59933,93.84194
SUBU LEYU,27.5942,93.83953
TAYANG SUKU,27.59664,93.84246
LEMPIA AKANG (WEST),27.60072,93.83543
LEMPIA AYOH MYOLI,27.62121,93.84412
LEMPIA AYOH MYOLI-I,27.60465,93.83151
MIHIN (BURO SUKUNG),27.59745,93.83838
MILLO SUKUNG,27.59726,93.83967
RAKE (PUTHAP),27.69878,93.92677
SULULYA (EAST),27.60006,93.82485
SULULYA(WEST),27.60647,93.82636
TAKHA-NANII,27.59619,93.84006
ZIRO PUTU,27.5945,93.82594
JARA,27.52496,93.76733
JATH,27.47594,93.75944
JORAM,27.51362,93.7812
LINYA,27.67771,93.84286
LOTH,27.68996,93.87398
MAI,27.47648,93.79599
RUMLIN,27.53533,93.74902
TADARKO,27.67248,93.82847
TAJGI,27.68104,93.90112
TALO,27.53783,93.75222
YACHULI,27.46985,93.77063
YAKHA,27.5388,93.74704
CHULYU,27.36155,93.77344
DODO,27.42646,93.76268
KEBI,27.36801,93.74198
KEL,27.41258,93.74631
KUCHKUT,27.46123,93.65979
NEW PITHAPOOL,27.35444,93.78377
PITHAPOOL,27.3587,93.7786
RUBDI,27.43841,93.6522
TAKAMPASA,27.39151,93.72848
YAZALI,27.40417,93.74299
YOIZAT,27.4109,93.725
BHAT,27.07753,93.56271
BORUM,27.08693,93.59433
GANGA,27.12101,93.7005
JULLONG,27.07449,93.63737
LEKHI,27.12249,93.72279
MODEL VILL,27.10814,93.71232
NIRJULI,27.12591,93.74898
BANDERDEWA-II,27.10868,93.82092
CHIPUTA,27.1792,93.77828
DOIMUKH,27.14365,93.75651
EMCHI(NEW),27.14194,93.76673
GUMTO,27.13972,93.79772
KARSINGSA,27.12323,93.77953
LEKHA (NEW)(W),27.16343,93.77168
MIDPU,27.16186,93.75038
RONO (NEW),27.14868,93.75349
ROSE,27.19148,93.79057
TIGDO (NEW),27.14974,93.74372
KAKOI,27.35935,94.05211
KIMIN,27.30136,93.96223
LICHI-SHER,27.37411,93.87452
UPPER JUMI,27.32655,93.98819
BOBIA,27.20696,93.37761
LANGDANG (LANGPUNG),27.21821,93.35812
LANGDING,27.21569,93.385
LEPORIANG,27.22851,93.34073
PAPE (NEW),27.26945,93.32926
CHESSA SONAJULI,27.02917,93.74096
HOLONGI,26.95783,93.59854
KOKILA,26.97611,93.66162
LENGHA,26.97366,93.63972
TUBUNG BALIJA,27.02609,93.73184
KAMRUNG (NEW),27.52901,93.4887
MEGANG (MACHANG),27.47391,93.51575
OLD MENGIO (NEW),27.53466,93.49193
PAI,27.43287,93.55273
PAKI,27.50904,93.51762
PAN (NEW),27.49044,93.49812
PUYU,27.40027,93.5414
SAKIANG,27.51582,93.54033
BOKORIANG (NEW ),27.24704,93.49715
BOKORIANG -I,27.25222,93.49287
BOKORIANG -II,27.25389,93.48624
DODANG (NEW),27.2896,93.51719
GANGTE(NEW),27.24134,93.57047
HUMD(NEW),27.23203,93.41857
LEBIA (NEW),27.26872,93.44334
LENGIK,27.20659,93.49113
PARANG,27.33025,93.50719
RACH TABIO(NEW),27.25218,93.51632
RUSU,27.23632,93.5342
SALA,27.34875,93.51627
SEEMA (NEW),27.34515,93.47233
TOTPU (NEW),27.35054,93.53013
BORMAI,26.92794,93.368859
DARIABIL,26.92912,93.40154
LOWER TARRASO,26.93563,93.32921
RAMGHAT,26.9544,93.343763
UPPER TARRASO,26.94874,93.401077
DAKTE-HOJ(NEW),27.25769,93.79778
KHEEL (NEW),27.21138,93.68452
KIGI(NEW),27.21818,93.68941
OMPULI,27.25371,93.67161
PAWAR,27.20719,93.61452
RAYEE (NEW),27.20801,93.60469
TORU,27.21714,93.66539
BASAR-NALO-I,27.03548,93.39868
BASAR-NALO-II,27.03334,93.38968
JOTE(W),27.0394,93.46921
POMA,27.06209,93.52331
BURAGAON,27.25463,92.67099
DOIMARA,27.0147,92.417
ELEPHANT FLAT,27.09263,92.58902
HUSHIGAON,27.21588,92.61241
JAMIRI POINT,27.1929,92.57331
JAMIRI VILLAGE,27.20356,92.59131
KAMENGBARI,26.96414,92.42258
KHUPPI,27.21024,92.67176
LOWER-BHALUKPONG,27.01458,92.6415
TIPPI,27.03128,92.61194
UPPER-BHALUKPONG,27.01702,92.63709
BARCHIPAM,27.32962,92.24818
BISHUM-PHUDUNG,27.42751,92.31789
CHUG,27.42532,92.20618
DIRANG HQ,27.35986,92.24577
DIRANG VILLAGE,27.34478,92.271
KHASSO,27.41841,92.29854
LISH,27.3779,92.22309
LISH GOMPACHE,27.37942,92.21502
LUBRANG,27.36678,92.17916
NAMTHUNG,27.37773,92.27066
NYUKMADUNG,27.41766,92.13082
PHADAM-SAGAR-KHARUNG,27.33098,92.2661
SANGTI,27.40851,92.28948
SENGE,27.45029,92.11922
YEWANG,27.35607,92.23419
DIBBIN,27.4441,92.51206
DITCHIK,27.40124,92.50683
JERIGAON,27.33821,92.47127
KHOINA,27.34282,92.51246
LOWER DZONG (LONTIN),27.37111,92.53633
MATHOW,27.434,92.46894
RURANG,27.36861,92.48213
SERA,27.26388,92.42841
ANGKALING,27.03676,92.14344
BALEMU-YULUNGRIPAM,26.92216,92.12886
BOHA,27.03304,92.17026
CHINGI,27.09977,92.10604
DENZI,27.06913,92.12528
DOMKHO,27.17631,92.21262
KALATANG,27.10653,92.11598
LIPHAKPU,27.0751,92.10823
LUMDUR,27.06929,92.14165
MORSING,27.17324,92.20462
PAINAKTANG,26.92241,92.12553
RANGTHAJORPAM,27.03518,92.11561
WARRANGPAM,27.11769,92.07519
CHALLANG,27.39764,92.74814
DIBRICK,27.45698,92.52452
JANACHING,27.4309,92.76038
KHAZALANG,27.4129,92.64052
KHELLONG,27.37262,92.5905
NACHIBON,27.40681,92.5339
NAFRA EAST,27.37033,92.54508
NAFRA WEST,27.37216,92.54491
NAKHU,27.40829,92.53886
UPPER DZONG,27.38014,92.55395
DINK-CHAMCHI-THINGBOW,27.20828,92.40471
JIGAON,27.18728,92.32949
JUMISINGBOW,27.19589,92.39892
JUNGPAM,27.21584,92.43422
LUMBAKTANG,27.18691,92.36115
MUKUTHING,27.20418,92.29059
PROWDING-THIKONG,27.20567,92.40084
ROWTA,26.96114,92.22577
SHERGAON,27.12663,92.26308
THUNGRI,27.16528,92.39497
BICHAOM,27.30975,92.59764
DAHUNG VILLAGE,27.22458,92.49201
DHIKIYANG,27.32154,92.45554
DITCHING,27.29015,92.51371
LUI VILLAGE,27.21444,92.49477
NAMFRI,27.24358,92.52854
NEW KASPI,27.20818,92.55432
RAMALINGAM,27.19929,92.47039
RUCHUNGPAM,27.19744,92.4735
SINGCHUNG,27.20011,92.47459
TENGA VALLEY,27.20347,92.49427
TENGA VILLAGE,27.20709,92.46978
TENGAMARKET,27.21117,92.46869
TSERINGPAM,27.19736,92.48956
WANGHOO,27.24203,92.42041
DARBU,27.31227,92.37075
KHALIBOK,27.3896,92.29876
MANDAL-PHUDUNG,27.2295,92.24208
NAMCHU,27.35705,92.32292
PANGMA,27.38509,92.37279
RAHUNG,27.31315,92.39446
SALARI-KHOITAM,27.32891,92.43778
THEMBANG,27.34221,92.3858
KARANGANIA,27.29897,92.70898
KAYA VALLEY,27.35701,92.80309
PALIZI,27.29334,92.77755
SAKRINE,27.35153,92.72561
SUBU,27.31379,92.76699
THESSA,27.31138,92.6837
THRIZINO,27.34068,92.73875
BERU,28.21513,94.83853
DEGO,28.17153,94.81077
EYI,28.19341,94.85752
LOGUM JINI(LOWER),28.21902,94.85649
LOGUM JINI(UPPER),28.21837,94.85495
PAKAM-I,28.1503,94.81265
PAKAM-II,28.15217,94.80692
PANYA-BOGDO,28.17738,94.81916
YEGGO-YOJI-YORA,28.13736,94.80377
BEYE,28.02258,94.8226
DOJI-JELLY,28.07292,94.80437
JIRDIN,28.1444,94.83223
KOMBO-PAPAK,28.12002,94.83372
KOMBO-POMTE,28.12265,94.83582
NGOMDIR-I,28.05826,94.82824
NGOMDIR-II,28.06095,94.82598
PUSHI DOKE,28.05087,94.7113
RAGLAM,28.12835,94.83316
TADIN-I,28.0802,94.8449
TADIN-II,28.07928,94.84154
TARSU-MOBUK-I,28.11723,94.84547
TARSU-MOBUK-II,28.11602,94.83996
BENE,28.1992,94.7165
DARKA -I,28.12962,94.78278
DARKA -II,28.12848,94.78728
GUNE BANE,28.19297,94.74073
KABU-I,28.18945,94.76667
KABU-II,28.19207,94.76493
KUGI POMSE,28.17943,94.72528
KUGI POMTE,28.18438,94.72605
PAYA,28.20075,94.73513
POBDI,28.19137,94.74458
RIGO-KAMDI,28.15957,94.78662
WAK,28.19408,94.70345
ANGU-I,28.06137,94.7464
ANGU-II,28.06216,94.74329
DOJI JEKO,28.08622,94.79347
HIGI-BAGRA,28.0765,94.76019
JEYI BAGRA,28.08669,94.72953
LIPU BAGRA-I,28.09344,94.74567
LIPU BAGRA-II,28.09269,94.74525
PIGI MENGO,28.08833,94.74175
TAKPU BAGRA,28.0845,94.77569
DASI,28.14987,94.66002
NIKTE,28.1529,94.67819
NYORAK RAKTE,28.1111,94.68936
PUSHI NYORAK,28.08374,94.68439
RIME/PIDI RIME,28.11469,94.6517
TABA SORA,28.13247,94.65521
YIGI-KAUM-I,28.15457,94.71884
YIGI-KAUM-II,28.15069,94.71726
BAM-I,28.03108,94.68023
BAM-II,28.03188,94.6787
CHIKU/LIPU/NOMRI,28.00355,94.74528
DISI,27.94536,94.74405
GALU/SIBE,27.9642,94.66229
GORI-I,27.98861,94.69738
GORI-II,27.99174,94.6991
GORI-III,27.99378,94.70127
KADI/EGO-YAMIN/CHIRENA,27.99471,94.68469
NYIGAM-I,27.97249,94.68479
NYIGAM-II,27.96701,94.68402
NYODU,27.98134,94.66564
OLD BAM,28.02454,94.67984
PAGI-I,27.96148,94.71751
PAGI-II,27.96325,94.71547
PEGI/KAMDAK/EVEREST,27.92844,94.70913
PIRI,27.99513,94.83058
SAGO,27.98604,94.7997
SOI,27.98243,94.70094
BOJE DARAK,28.21549,94.61696
GEMO TALI/YAKITATO,28.33245,94.6742
KAMBU,28.26881,94.70186
KAMKI,28.28004,94.66733
KARBAK MOBU,28.21673,94.64845
KATO KANGU,28.24399,94.66131
NOMUK,28.23647,94.66558
POTOM BOGO,28.20897,94.59972
RAKSAP POYOM,28.22854,94.60264
SIRUTALI/SERILIKER,28.29955,94.64924
CHISI/ISHI,27.89205,94.76112
DALI,27.88542,94.77261
DARING-I,27.8768,94.82204
DARING-II,27.86478,94.80131
JIME ZIRDO,27.89853,94.86162
PADI-I,27.90493,94.74309
PADI-II,27.90119,94.75002
RILU-TAPO,27.84576,94.77929
BIGI/YARAMKO/SOI,27.83713,94.63394
BOMTE-TAKSO,27.8328,94.67994
GARU/NEW BOMTE,27.8177,94.71263
GENSI N/W/E,27.8441,94.62504
GENSI/BUMPEK,27.84213,94.62517
PINGI/PAIMORI/DIBU,27.81591,94.4849
SIBE/DITTER,27.76085,94.41887
SIBERITE,27.73479,94.36504
TALAMORI/SEKAR,27.81464,94.60227
TARAMORI/LITEMORI/ROME/LIDUK,27.81629,94.57309
YACHUNGI/TUTAK,27.79495,94.47408
DAMDA DEBUK,28.24406,94.91305
DAMDA-DEKU,28.25426,94.91711
JOMLO RAMPA,28.21467,94.82266
JOMLOBARI-MOBUK,28.21608,94.81019
LORGING MODEL,28.22199,94.86168
MORI GEBO,28.25238,94.82666
OLD LORGING/BEGING,28.24068,94.8715
PANGKENG MOLI,28.20842,94.79638
PANGKENG MONGKU,28.20954,94.79064
PESSING,28.20629,94.8116
SIPUNG ROING,28.19561,94.79975
BOGNE-I,28.3114,94.70443
BOGNE-II,28.3116,94.70331
KAYING,28.42264,94.67749
KERANG-I,28.35485,94.68496
KERANG-II,28.3529,94.68051
PAKSING,28.40767,94.6932
SAMPONG/TUYING SIRUM,28.39693,94.68224
TUMBIN,28.45504,94.68219
BALI,27.65227,94.67707
BALISORI,27.57945,94.46446
DIPA-I,27.70543,94.84361
DIPA-II,27.71006,94.84596
JIPU,27.66831,94.74014
KANGKU,27.57597,94.49936
KUNTOR,27.68565,94.78855
LIKA,27.6523,94.68609
LIPU-I,27.65956,94.71139
LIRU-I,27.66239,94.69145
NGOPI,27.60488,94.56284
SIJI,27.72837,94.71107
BOLE/KAYI,28.092,94.44893
DABA GAMLIN/LEGGI GAMLIN,28.08878,94.56319
ESSI GROUP,28.05596,94.5081
GAMKAK/GADIMESI,28.10768,94.57434
KAPEN/LIROMOBA ASC,28.07172,94.49648
POKTO/LIGO/BIRI ASC,28.10156,94.48026
RISE/DORDI/LEGI/BOPU,28.06266,94.48331
SARILIKAR/RONYA,28.08066,94.48909
YOMCHA/TAPIYOR,28.1312,94.57005
YONGAM/TAGO/GAMLIN/KADAI,28.1213,94.62637
DUNYO-I,28.77724,94.27995
DUNYO-II,28.7783,94.27775
HEDO-II/HEMI,28.73873,94.3007
KARO-I,28.65842,94.34054
LUNGTE,28.60466,94.39965
MONIGONG,28.78513,94.27708
NINGIO/HEDO-I,28.75596,94.28686
SAJI-I,28.8325,94.24401
SAJI-II,28.81352,94.26075
SAJI-III,28.80883,94.28442
SAJI-IV,28.7997,94.27963
TAMANG-I,28.7231,94.30436
DEJENGTHANG,28.59674,94.14301
DORJELING,28.62563,94.10283
FARGE,28.60026,94.1645
GAPO/PURYING/HIRI/PADUSA,28.60352,94.12984
HOLUNG,28.53166,94.29242
IRGO,28.63324,94.07473
MECHUKA,28.50911,94.4513
MECHUKA-GELLING,28.59776,94.13828
REGO/RAPUM/CHINGPONG,28.61245,94.11632
SHEKOR-CHORLING,28.546,94.23203
SINGBIR-YORNYI,28.579,94.15857
TADO/GITU/YAPU/CHARU/LIPO,28.61135,94.10754
TAGUR/QUYING/HEYO/PABUYING,28.5157,94.41509
TATO HQ (E),28.49093,94.402
TATO HQ (W),28.53027,94.3758
TATO-I,28.53131,94.37424
TATO-II,28.5333,94.37543
THARGELING,28.52889,94.37314
YAPIK PAUM,28.61403,94.08141
GAMING,28.51058,94.47712
GASHENG,28.58983,94.67214
GATE,28.64608,94.65169
MEGA/PAME/BOGU,28.6523,94.6214
PAYUM,28.53161,94.65887
YIO/MOLO/DUPU/ROW,28.57766,94.64709
BINGUNG,28.55094,94.59894
JOMO-I,28.30871,94.78984
JOMO-II,28.29377,94.84547
MOLOM,28.28635,94.84109
MOPUNG,28.31589,94.80208
RUMGONG-I,28.32018,94.84462
RUMGONG-II,28.30945,94.88963
YOGONG,28.30805,94.89228
YOSING,28.37704,94.78981
BADAK/YIGA,28.36805,94.86418
BAGE/RISE/LITE/,27.97569,94.52639
CHEKOR/PIRA,28.04252,94.53149
DEDU DOKE/MOBA DOKE,28.02087,94.58612
DEKE ASC,28.02326,94.60331
DORBO BOGYA/YEGRI/RITA,28.04046,94.57328
GAKE/DAPO/DEPI/SIKI,28.02575,94.54088
LAMADEKE/DEGOM,28.02584,94.56925
LITE/KARDO/GITO,28.04507,94.57785
LUTAK LIDO/TIRI NGENSI,27.99195,94.53016
RAGI DOKE/SODO DOKE,27.99132,94.57908
RATAK GAMLIN,28.03621,94.63218
TAI,28.02379,94.51576
TAKOM,28.00158,94.52947
KUMARIKATA EXCHANGE,26.73061,91.55641
KAYAKUCHI XGE,26.39597,91.06608
A1-BASKANDI T.E/OLT,24.80904,92.91192
DWARBOND T.E.,24.63823,92.71054
SILCHAR OLT,24.71784,92.77657
A1-LAKHIPUR RIVER XING,24.79177,93.00319
BINNAKANDI,24.76555,92.97397
BORKHOLA T.E/OLT,24.92778,92.74528
SILCHAR BLOCK,24.94353,92.70962
A12-KALINE T.E,24.96842,92.57526
A1-KATIGORAH T.E.,24.88239,92.58792
LAKHIPUR T.E,24.78997,93.02237
DHOLAI T.E.,24.58725,92.84000
PALONGHAT T.E.,24.64694,92.88500
RAJABAZAR  T.E,24.87972,93.07222
BARJATRAPUR T.E.,24.90241,92.70150
SADARGHAT T.E.,24.83250,92.80194
SONAIMUKH  T.E,24.73417,92.89111
SRIKONA T.E.,24.83400,92.72625
UDHARBOND T.E.,24.88018,92.88188
BHEBHARGHAT XGE OLT,26.43733,92.02197
DHEEMAJI XGE,27.47930,94.54962
MACHKHOWA EXCHANGE,27.33365,94.54477
AGOMANI  EXCH.,26.19294,89.78589
HATSINGIMARI EXCH.,25.50277,89.86777
TARANGAJHAR OLT,25.98006,90.12975
BAGRIBARI EXCH,26.20130,90.13070
MANKACHAR EXCH,25.54180,89.86745
BARBARUAH XGE.,27.40115,94.87895
NAHARKATIA EXCHANGE,27.28458,95.32583
KHOWANG EXG.,27.27779,94.88910
LAHOAL  XGE.,27.45292,94.99703
CHABUA EXCH.,27.48392,95.16856
TKT EXCHANGE,27.38116,95.17085
RAJGARH EXCHANGE,27.18360,95.11008
JALESWAR USO/OLT,26.04900,90.19500
KHARMUZA OLT,26.15097,90.48594
LAKHIPUR EXCHANGE,26.03525,90.31163
DHEKIAL XGE/BTS,26.60891,93.98383
NEW BUILDING,26.51246,93.97133
DOIGRUNG XGE,26.55358,93.84633
LICHUBARI EXCHANGE,26.72402,94.21803
KAKAJAN EXCHANGE,26.80742,94.35551
NAKACHARI  EXCHANGE,26.68537,94.39573
KAMLABARI XGE,26.94672,94.16571
TITABAR BLOCK,26.58713,94.17755
PHULONI EXGE.,27.04128,94.27400
BEZERA BLOCK NORTH GUWAHATI OLT,26.20142,91.71547
MUKTAPUR XGE OLT,26.43894,91.73522
BOKO XGE,25.97361,91.22916
CHAMARIA OLT,26.11559,91.00074
NAGARBERA TE. EX,26.11528,91.00056
BORIHAT OLT,26.03750,91.51138
MIRZA  OLT,26.09333,91.53500
CHAYGAON XGE,26.05003,91.39409
GOROIMARI BTS,26.10333,91.24889
HAJO EX.,26.24472,91.52806
KAMALPUR TEL. EX (A 2),26.34970,91.68270
RAMPUR EXG,26.08250,91.47278
DIMU XGE,26.34028,91.60722
RANGIYA MBM EX,26.42944,91.62806
BORIHAT EXG,26.03750,91.51169
SUALKUCHI EXCH.,26.16778,91.56722
CHANDRAPUR EXCH.,26.23639,91.92417
KHETRI XGE,26.11555,92.08861
SONAPUR XGE,26.11778,91.96111
BORJHAR XGE,26.10472,91.59250
BIHUPURI XGE,27.00674,93.91570
JAJORI  BLOCK EXCHANGE,26.32205,92.56493
CHARAIBAHI XGE,26.28559,92.45405
MOIRABARI BLOCK  XGE.,26.45400,92.41818
BARHAMPUR BTS,26.32884,92.76631
DHING XGE.,26.45209,92.45228
HOJAI BLOCK  XGE,25.99883,92.85306
JUGIJAN OLT,26.04430,92.80190
BEBEJIA  XGE,26.30151,92.62426
SINGIMARI BLOCK XGE,26.47590,92.76548
MORONGIAL BTS,26.33249,92.69426
KALAG EXCH.,26.37314,91.48264
GOBRADOL EXCH,26.47267,91.34278
PASCHIM NALBARI BLOCK,26.66741,91.92581
NALBARI T.E,26.44425,91.44125
AMGURI XGE,26.81225,94.52066
GAURISAGAR  XGE,26.94809,94.53658
SAPEKHATI   OLT,27.10053,95.15578
MAIBELA XGE,26.98809,94.93292
OLT TEZPUR.,26.62723,92.78751
NEW EXCHANGE JAMUGURI,26.72351,92.92085
GHOPUR EXCHANGE,26.88814,93.63464
RANGAPARA EXCHANGE,26.81472,92.67845
SOOTEA XGE,26.44220,93.02345
GUIJAN EXCH,27.57056,95.32500
MAKHULI EXCH,27.48278,95.43778
MARGHERITA EXCH,27.35611,95.73833
SAIKHOWAGHAT EXCH,27.75197,95.56367
