S.no,FPOI ,LAT,LONG,GPs connected,
1,AMBALAPPUZHA,9.40597,76.35058,1,
2,AMBALAPPUZHA,9.38293,76.35572,1,
3,AMBALAPPUZHA,9.43647,76.34446,3,
4,ARYAD,9.57197,76.34708,1,
5,ARYAD,9.60374,76.35898,2,
6,BHARANICAVU,9.17532,76.56168,1,
7,BHARANICAVU,9.18783,76.59650,1,
8,BHARANICAVU,9.14569,76.61649,1,
9,BHARANICAVU,9.17593,76.63622,1,
10,BHARANICAVU,9.12861,76.55682,2,
11,CHAMPAKULAM,9.43540,76.42005,1,
12,CHAMPAKULAM,9.47808,76.38613,1,
13,CHAMPAKULAM,9.40261,76.40981,1,
14,CHAMPAKULAM,9.37206,76.41125,3,
15,CHENGANNUR,9.27587,76.58650,1,
16,CHENGANNUR,9.30142,76.58712,1,
17,CHENGANNUR,9.24663,76.61452,1,
18,CHENGANNUR,9.29927,76.63454,1,
19,CHENGANNUR,9.30935,76.56378,1,
20,CHENGANNUR,9.33850,76.57710,4,
21,HARIPPAD,9.28494,76.45455,1,
22,HARIPPAD,9.25687,76.45025,1,
23,HARIPPAD,9.31674,76.42937,1,
24,HARIPPAD,9.28005,76.47550,1,
25,HARIPPAD,9.25915,76.40881,1,
26,HARIPPAD,9.33001,76.46338,4,
27,KANJIKKUZHY,9.62152,76.33193,1,
28,KANJIKKUZHY,9.65914,76.31814,1,
29,KANJIKKUZHY,9.70379,76.31731,1,
30,KANJIKKUZHY,9.67935,76.37679,2,
31,MAVELIKKARA,9.27922,76.53384,1,
32,MAVELIKKARA,9.22772,76.51522,1,
33,MAVELIKKARA,9.29976,76.53550,1,
34,MAVELIKKARA,9.24395,76.58533,1,
35,MUTHUKULAM,9.23823,76.47110,1,
36,MUTHUKULAM,9.17589,76.47305,1,
37,MUTHUKULAM,9.15308,76.52637,1,
38,MUTHUKULAM,9.21371,76.46156,1,
39,MUTHUKULAM,9.20629,76.49452,2,
40,PATTANAKKAD,9.73614,76.31849,1,
41,PATTANAKKAD,9.75651,76.31834,1,
42,PATTANAKKAD,9.79687,76.31584,1,
43,PATTANAKKAD,9.86723,76.30528,5,
44,THYCATTUSSERY,9.73991,76.36275,1,
45,THYCATTUSSERY,9.77332,76.35295,1,
46,THYCATTUSSERY,9.81674,76.35036,1,
47,THYCATTUSSERY,9.86162,76.32359,2,
48,VELIYANAD,9.40927,76.49857,1,
49,VELIYANAD,9.49103,76.49721,1,
50,VELIYANAD,9.44958,76.44792,1,
51,VELIYANAD,9.42279,76.46915,1,
52,VELIYANAD,9.42573,76.48811,2,
53,ALANGAD,10.07528,76.27139,1,
54,ALANGAD,10.12931,76.30036,5,
55,ANGAMALI,10.22077,76.41289,1,
56,ANGAMALI,10.20591,76.42180,1,
57,ANGAMALI,10.16673,76.43752,1,
58,ANGAMALI,10.20444,76.45250,1,
59,ANGAMALI,10.14529,76.42611,1,
60,ANGAMALI,10.25373,76.47826,3,
61,EDAPPALLY,10.03942,76.27855,1,
62,EDAPPALLY,10.01871,76.22573,1,
63,KOOVAPPADY,10.09333,76.55694,1,
64,KOOVAPPADY,10.14944,76.48167,1,
65,KOOVAPPADY,10.15232,76.52644,1,
66,KOOVAPPADY,10.08530,76.50220,1,
67,KOOVAPPADY,10.14186,76.53553,1,
68,KOOVAPPADY,10.08338,76.46595,1,
69,KOTHAMANGALAM,10.11859,76.59183,1,
70,KOTHAMANGALAM,10.15158,76.73574,1,
71,KOTHAMANGALAM,10.07023,76.60406,1,
72,KOTHAMANGALAM,10.00561,76.68254,1,
73,KOTHAMANGALAM,10.02643,76.65762,1,
74,KOTHAMANGALAM,10.10515,76.62444,1,
75,KOTHAMANGALAM,10.00941,76.68075,1,
76,KOTHAMANGALAM,10.01517,76.62726,3,
77,MULANTHURUTHY,9.89823,76.38360,5,
78,MUVATTUPUZHA,9.93397,76.59908,1,
79,MUVATTUPUZHA,9.98272,76.63851,1,
80,MUVATTUPUZHA,9.94499,76.64359,1,
81,MUVATTUPUZHA,9.96570,76.66832,1,
82,MUVATTUPUZHA,9.95299,76.55478,1,
83,MUVATTUPUZHA,9.97863,76.53509,1,
84,MUVATTUPUZHA,9.96011,76.62035,2,
85,PAMPAKUDA,9.83012,76.54274,1,
86,PAMPAKUDA,9.85723,76.59408,1,
87,PAMPAKUDA,9.86173,76.59573,1,
88,PAMPAKUDA,9.92031,76.52061,1,
89,PAMPAKUDA,9.92032,76.52061,1,
90,PAMPAKUDA,9.94419,76.48991,1,
91,PAMPAKUDA,9.89197,76.56361,2,
92,PARAKKADAV,10.15598,76.35380,1,
93,PARAKKADAV,10.18734,76.32857,1,
94,PARAKKADAV,10.18861,76.24706,2,
95,PARAVUR,10.11832,76.25726,1,
96,PARAVUR,10.16960,76.21250,4,
97,VADAVUCODE,9.97889,76.47500,1,
98,VADAVUCODE,10.02466,76.40349,1,
99,VADAVUCODE,10.03776,76.50353,1,
100,VADAVUCODE,9.95819,76.44614,1,
101,VADAVUCODE,9.93436,76.42464,2,
102,VAZHAKKULAM,10.08779,76.34296,1,
103,VAZHAKKULAM,10.03648,76.40755,1,
104,VAZHAKKULAM,10.11213,76.42495,1,
105,VAZHAKKULAM,10.08338,76.46595,3,
106,VYPEEN,10.09407,76.20688,1,
107,VYPEEN,10.11070,76.20305,1,
108,VYPEEN,10.05679,76.21488,1,
109,VYPEEN,10.13865,76.19554,4,
110,ADIMALY,10.00918,77.08323,1,
111,ADIMALY,10.01047,76.95486,5,
112,AZHUTHA,9.63240,76.97816,1,
113,AZHUTHA,9.55299,76.92631,1,
114,AZHUTHA,9.57159,76.99407,1,
115,AZHUTHA,9.56969,77.08729,1,
116,AZHUTHA,9.54037,76.90485,2,
117,DEVIKULAM,10.10810,77.13364,1,
118,DEVIKULAM,10.12450,76.92422,1,
119,DEVIKULAM,10.21583,77.19670,1,
120,DEVIKULAM,10.27861,77.16949,1,
121,DEVIKULAM,9.96263,77.21701,1,
122,DEVIKULAM,10.08621,77.05943,1,
123,DEVIKULAM,10.18413,77.25889,2,
124,ELEMDESAM,9.88082,76.76825,1,
125,ELEMDESAM,9.94855,76.76509,1,
126,ELEMDESAM,9.98917,76.79139,5,
127,IDUKKI,9.95204,76.93336,1,
128,IDUKKI,9.80405,76.83957,1,
129,IDUKKI,9.84014,77.03638,1,
130,IDUKKI,9.85623,76.98983,1,
131,IDUKKI,9.91173,77.00944,1,
132,IDUKKI,9.87443,76.95992,1,
133,KATTAPPANA,9.65939,77.15871,1,
134,KATTAPPANA,9.69682,77.03971,1,
135,KATTAPPANA,9.79494,77.10758,1,
136,KATTAPPANA,9.73833,77.06223,1,
137,KATTAPPANA,9.75347,77.11592,1,
138,KATTAPPANA,9.70107,77.02136,1,
139,NEDUMKANDOM,9.77336,77.21546,1,
140,NEDUMKANDOM,9.89979,77.17593,1,
141,NEDUMKANDOM,9.94914,77.18105,1,
142,NEDUMKANDOM,9.96093,77.09673,1,
143,NEDUMKANDOM,9.96750,77.15667,1,
144,NEDUMKANDOM,9.80482,77.15865,2,
145,THODUPUZHA,9.84155,76.74464,1,
146,THODUPUZHA,9.88329,76.64150,1,
147,THODUPUZHA,9.89283,76.74517,1,
148,THODUPUZHA,9.93406,76.71235,1,
149,THODUPUZHA,9.85694,76.69028,2,
150,EDAKKAD,11.90042,75.43067,1,
151,EDAKKAD,11.86627,75.40214,1,
152,EDAKKAD,11.88236,75.40164,1,
153,EDAKKAD,11.83395,75.45293,1,
154,EDAKKAD,11.97108,75.40938,1,
155,EDAKKAD,11.91404,75.45716,1,
156,EDAKKAD,11.83193,75.48356,3,
157,IRIKKUR,12.09497,75.54845,1,
158,IRIKKUR,11.98572,75.55195,1,
159,IRIKKUR,12.01876,75.48788,1,
160,IRIKKUR,11.99406,75.45288,1,
161,IRIKKUR,12.06062,75.58157,1,
162,IRIKKUR,12.04541,75.50514,1,
163,IRIKKUR,12.04086,75.66039,1,
164,IRIKKUR,12.00204,75.62782,3,
165,IRITTY,11.99566,75.72144,1,
166,IRITTY,12.03413,75.74686,1,
167,IRITTY,11.96125,75.65280,1,
168,IRITTY,11.93460,75.50407,1,
169,IRITTY,12.00474,75.69124,1,
170,IRITTY,11.92699,75.66557,1,
171,KALLIASSERI,11.99614,75.29441,1,
172,KALLIASSERI,12.07811,75.26058,1,
173,KALLIASSERI,12.03814,75.29617,1,
174,KALLIASSERI,12.02222,75.26892,1,
175,KALLIASSERI,11.97325,75.28606,1,
176,KALLIASSERI,11.97135,75.36263,1,
177,KALLIASSERI,11.93888,75.40429,2,
178,KANNUR,11.93049,75.32851,1,
179,KANNUR,11.91729,75.35674,1,
180,KANNUR,11.88916,75.36167,1,
181,KANNUR,11.94621,75.35448,1,
182,KANNUR,11.90186,75.38688,1,
183,KUTHUPARAMBA,11.84767,75.63326,1,
184,KUTHUPARAMBA,11.80863,75.55048,1,
185,KUTHUPARAMBA,11.75113,75.62328,1,
186,KUTHUPARAMBA,11.87148,75.57281,1,
187,KUTHUPARAMBA,11.79869,75.56286,2,
188,PANOOR,11.72678,75.55531,1,
189,PANOOR,11.78742,75.53121,1,
190,PANOOR,11.69536,75.57821,1,
191,PANOOR,11.78614,75.56903,1,
192,PANOOR,11.75982,75.57714,1,
193,PANOOR,11.72743,75.59334,2,
194,PAYYANNUR,12.27126,75.36067,1,
195,PAYYANNUR,12.13677,75.30199,1,
196,PAYYANNUR,12.17706,75.24710,1,
197,PAYYANNUR,12.17597,75.19212,1,
198,PAYYANNUR,12.07945,75.24112,1,
199,PAYYANNUR,12.06444,75.18981,2,
200,PERAVOOR,11.90721,75.77155,1,
201,PERAVOOR,11.90641,75.78509,1,
202,PERAVOOR,11.85418,75.69870,1,
203,PERAVOOR,11.89447,75.80939,1,
204,PERAVOOR,11.89361,75.74134,1,
205,PERAVOOR,11.89363,75.62821,1,
206,PERAVOOR,11.93775,75.70678,1,
207,TALIPARAMBA,12.04228,75.48959,1,
208,TALIPARAMBA,12.03994,75.41099,1,
209,TALIPARAMBA,12.06974,75.33162,1,
210,TALIPARAMBA,12.02772,75.32607,1,
211,TALIPARAMBA,12.19929,75.46154,1,
212,TALIPARAMBA,12.12814,75.41213,1,
213,TALIPARAMBA,12.12146,75.48341,1,
214,TALIPARAMBA,12.22883,75.48066,3,
215,THALASSERY,11.77439,75.51150,1,
216,THALASSERY,11.81365,75.43829,1,
217,THALASSERY,11.80933,75.49231,1,
218,THALASSERY,11.88625,75.48581,1,
219,THALASSERY,11.71161,75.53487,1,
220,THALASSERY,11.86462,75.50903,1,
221,KANHANGAD,12.34343,75.08951,1,
222,KANHANGAD,12.31800,75.14765,1,
223,KANHANGAD,12.37943,75.10025,1,
224,KANHANGAD,12.43008,75.02312,2,
225,KARADKA,12.46122,75.16453,1,
226,KARADKA,12.59124,75.17479,1,
227,KARADKA,12.54989,75.25063,1,
228,KARADKA,12.54629,75.16778,1,
229,KARADKA,12.54909,75.16524,1,
230,KARADKA,12.47707,75.21016,1,
231,KARADKA,12.50788,75.09566,1,
232,KASARGOD,12.58811,75.07104,1,
233,KASARGOD,12.46629,75.00668,1,
234,KASARGOD,12.51094,75.05146,1,
235,KASARGOD,12.59106,74.94740,1,
236,KASARGOD,12.54170,75.00080,1,
237,KASARGOD,12.52289,74.97234,1,
238,MANJESHWAR,12.64640,75.10640,1,
239,MANJESHWAR,12.67046,74.91148,1,
240,MANJESHWAR,12.73205,74.88395,1,
241,MANJESHWAR,12.71310,74.95249,1,
242,MANJESHWAR,12.68722,74.98742,1,
243,MANJESHWAR,12.61494,75.01024,1,
244,MANJESHWAR,12.75066,74.94859,1,
245,NILESHWAR,12.23910,75.23210,1,
246,NILESHWAR,12.17610,75.14750,1,
247,NILESHWAR,12.19700,75.16390,1,
248,NILESHWAR,12.13750,75.17750,3,
249,PARAPPA,12.38580,75.28040,1,
250,PARAPPA,12.32200,75.35790,1,
251,PARAPPA,12.42980,75.26690,1,
252,PARAPPA,12.28860,75.23460,1,
253,PARAPPA,12.39100,75.19350,1,
254,PARAPPA,12.45570,75.36080,1,
255,PARAPPA,12.32000,75.28630,1,
256,ANCHAL,8.88770,76.96018,1,
257,ANCHAL,8.93140,76.91400,1,
258,ANCHAL,8.92427,76.90034,1,
259,ANCHAL,8.98634,76.90977,1,
260,ANCHAL,8.90914,77.05460,1,
261,ANCHAL,8.96778,77.07036,1,
262,ANCHAL,8.93715,76.94720,1,
263,CHADAYAMANGALAM,8.87382,76.87132,1,
264,CHADAYAMANGALAM,8.81500,76.96953,1,
265,CHADAYAMANGALAM,8.90271,76.82195,1,
266,CHADAYAMANGALAM,8.87052,76.92078,1,
267,CHADAYAMANGALAM,8.82643,76.91758,1,
268,CHADAYAMANGALAM,8.78774,76.94076,1,
269,CHADAYAMANGALAM,8.82326,76.88293,1,
270,CHADAYAMANGALAM,8.87451,76.78075,1,
271,CHAVARA,8.98085,76.53473,1,
272,CHAVARA,8.95764,76.53305,1,
273,CHAVARA,9.01165,76.53787,1,
274,CHAVARA,8.95434,76.56185,1,
275,CHAVARA,9.01216,76.57500,3,
276,CHITTUMALA,9.01730,76.65255,1,
277,CHITTUMALA,8.95807,76.67184,1,
278,CHITTUMALA,9.00424,76.62988,1,
279,CHITTUMALA,8.93613,76.61133,1,
280,CHITTUMALA,8.98155,76.67153,1,
281,CHITTUMALA,8.94775,76.63812,1,
282,CHITTUMALA,8.92616,76.59857,1,
283,CHITTUMALA,8.95522,76.60096,1,
284,ITHIKKARA,8.86324,76.70938,1,
285,ITHIKKARA,8.83356,76.74447,1,
286,ITHIKKARA,8.81634,76.69608,4,
287,KOTTARAKKARA,8.98056,76.71355,1,
288,KOTTARAKKARA,9.00420,76.78131,1,
289,KOTTARAKKARA,8.99611,76.75338,1,
290,KOTTARAKKARA,8.90952,76.76427,1,
291,KOTTARAKKARA,8.93873,76.77129,2,
292,MUKHATHALA,8.95446,76.66922,1,
293,MUKHATHALA,8.91590,76.63329,1,
294,MUKHATHALA,8.90714,76.69161,1,
295,MUKHATHALA,8.89706,76.66752,1,
296,OACHIRA,9.09355,76.50475,1,
297,OACHIRA,9.13204,76.51247,1,
298,OACHIRA,9.08820,76.56372,1,
299,OACHIRA,9.06797,76.55834,1,
300,PATHANAPURAM,9.08753,76.85554,1,
301,PATHANAPURAM,9.05686,76.91396,1,
302,PATHANAPURAM,9.02781,76.86259,5,
303,SASTHAMCOTTAH,9.06300,76.67410,1,
304,SASTHAMCOTTAH,9.04175,76.59039,1,
305,SASTHAMCOTTAH,9.08025,76.67252,1,
306,SASTHAMCOTTAH,9.04380,76.62425,1,
307,SASTHAMCOTTAH,9.10112,76.61725,1,
308,SASTHAMCOTTAH,9.07453,76.60619,2,
309,VETTIKKAVALA,9.05649,76.73355,1,
310,VETTIKKAVALA,9.01391,76.82562,1,
311,VETTIKKAVALA,9.02989,76.78612,1,
312,VETTIKKAVALA,9.05528,76.69531,1,
313,VETTIKKAVALA,8.93380,76.81520,1,
314,VETTIKKAVALA,8.98692,76.83562,1,
315,ERATTUPETTA,9.68607,76.78127,1,
316,ERATTUPETTA,9.67382,76.81278,1,
317,ERATTUPETTA,9.67415,76.79495,1,
318,ERATTUPETTA,9.69928,76.81770,1,
319,ERATTUPETTA,9.78197,76.76343,1,
320,ERATTUPETTA,9.66828,76.77950,1,
321,ERATTUPETTA,9.74510,76.78337,1,
322,ERATTUPETTA,9.70032,76.75830,2,
323,ETTUMANOOR,9.63052,76.50955,1,
324,ETTUMANOOR,9.66763,76.53280,1,
325,ETTUMANOOR,9.61972,76.51052,1,
326,ETTUMANOOR,9.67362,76.55717,1,
327,ETTUMANOOR,9.68020,76.50722,1,
328,KADUTHURUTHY,9.76520,76.49247,1,
329,KADUTHURUTHY,9.71373,76.47557,1,
330,KADUTHURUTHY,9.82767,76.49925,1,
331,KADUTHURUTHY,9.79017,76.52352,1,
332,KADUTHURUTHY,9.78675,76.45223,1,
333,KADUTHURUTHY,9.82845,76.45095,2,
334,KANJIRAPPALLY,9.48108,76.84618,1,
335,KANJIRAPPALLY,9.55450,76.79018,1,
336,KANJIRAPPALLY,9.58425,76.88312,1,
337,KANJIRAPPALLY,9.46810,76.96232,1,
338,KANJIRAPPALLY,9.48962,76.75312,1,
339,KANJIRAPPALLY,9.53770,76.88682,1,
340,KANJIRAPPALLY,9.56982,76.81540,2,
341,LALAM,9.70040,76.72803,1,
342,LALAM,9.76497,76.70303,1,
343,LALAM,9.72403,76.67908,1,
344,LALAM,9.65737,76.66348,1,
345,LALAM,9.68353,76.72208,1,
346,LALAM,9.69255,76.65760,1,
347,MADAPPALLY,9.48060,76.59700,1,
348,MADAPPALLY,9.42530,76.56260,1,
349,MADAPPALLY,9.44488,76.57367,1,
350,MADAPPALLY,9.51930,76.57050,1,
351,MADAPPALLY,9.45955,76.55370,3,
352,PALLOM,9.63262,76.60505,1,
353,PALLOM,9.49498,76.52767,1,
354,PALLOM,9.52955,76.53927,1,
355,PALLOM,9.55733,76.57217,1,
356,PAMPADY,9.62675,76.67370,1,
357,PAMPADY,9.59782,76.64675,1,
358,PAMPADY,9.58660,76.58352,1,
359,PAMPADY,9.54995,76.60868,1,
360,PAMPADY,9.60230,76.68317,1,
361,PAMPADY,9.56755,76.63937,4,
362,UZHAVOOR,9.71597,76.55927,1,
363,UZHAVOOR,9.75495,76.56150,1,
364,UZHAVOOR,9.74273,76.61148,1,
365,UZHAVOOR,9.79900,76.66450,1,
366,UZHAVOOR,9.79190,76.61065,1,
367,UZHAVOOR,9.82863,76.60705,1,
368,UZHAVOOR,9.68407,76.60652,2,
369,VAIKOM,9.72145,76.41622,1,
370,VAIKOM,9.70740,76.39170,1,
371,VAIKOM,9.76783,76.41680,1,
372,VAIKOM,9.68845,76.42012,1,
373,VAIKOM,9.82618,76.42902,2,
374,VAZHOOR,9.56405,76.75750,1,
375,VAZHOOR,9.50070,76.63735,1,
376,VAZHOOR,9.50792,76.66292,1,
377,VAZHOOR,9.56643,76.70233,1,
378,BALUSSERI,11.44623,75.84451,1,
379,BALUSSERI,11.44628,75.83499,1,
380,BALUSSERI,11.49668,75.81402,1,
381,BALUSSERI,11.48506,75.77521,1,
382,BALUSSERI,11.45019,75.77129,1,
383,BALUSSERI,11.54002,75.84276,1,
384,BALUSSERI,11.44335,75.87791,2,
385,CHELANNUR,11.35676,75.80733,1,
386,CHELANNUR,11.41843,75.83135,1,
387,CHELANNUR,11.37069,75.86475,1,
388,CHELANNUR,11.35170,75.76138,1,
389,CHELANNUR,11.31314,75.79935,1,
390,CHELANNUR,11.38404,75.82119,1,
391,KODUVALLY,11.36287,75.90977,1,
392,KODUVALLY,11.36570,75.96351,1,
393,KODUVALLY,11.36128,76.01193,1,
394,KODUVALLY,11.34795,76.03899,1,
395,KODUVALLY,11.43207,76.00477,1,
396,KODUVALLY,11.48001,75.97413,1,
397,KODUVALLY,11.40956,75.93529,1,
398,KODUVALLY,11.48615,75.91441,1,
399,KODUVALLY,11.36045,75.88890,1,
400,KOZHIKODE,11.22855,75.83228,1,
401,KOZHIKODE,11.17780,75.86715,1,
402,KOZHIKODE,11.17698,75.83180,3,
403,KUNNAMANGALAM,11.31869,75.94004,1,
404,KUNNAMANGALAM,11.26449,75.89254,1,
405,KUNNAMANGALAM,11.26052,75.95313,1,
406,KUNNAMANGALAM,11.32149,75.99329,1,
407,KUNNAMANGALAM,11.30777,75.88072,1,
408,KUNNAMANGALAM,11.31859,75.85149,1,
409,KUNNAMANGALAM,11.31668,75.99790,1,
410,KUNNAMANGALAM,11.24209,75.88132,2,
411,KUNNUMMAL,11.67634,75.70155,1,
412,KUNNUMMAL,11.65584,75.74798,1,
413,KUNNUMMAL,11.66792,75.75394,1,
414,KUNNUMMAL,11.67802,75.78130,1,
415,KUNNUMMAL,11.64157,75.80608,1,
416,KUNNUMMAL,11.62036,75.70722,3,
417,MELDAY,11.49592,75.62711,1,
418,MELDAY,11.51157,75.62208,1,
419,MELDAY,11.52639,75.65611,1,
420,MELDAY,11.53222,75.71305,2,
421,PANTHALAYANI,11.39810,75.72518,1,
422,PANTHALAYANI,11.42088,75.71211,1,
423,PANTHALAYANI,11.47098,75.64931,1,
424,PANTHALAYANI,11.48693,75.71514,1,
425,PERAMBRA,11.58739,75.76552,1,
426,PERAMBRA,11.55906,75.75523,1,
427,PERAMBRA,11.56391,75.71021,1,
428,PERAMBRA,11.53735,75.77045,4,
429,THODANNUR,11.55213,75.64146,1,
430,THODANNUR,11.58669,75.67433,1,
431,THODANNUR,11.62579,75.62813,1,
432,THUNERI,11.66075,75.61442,1,
433,THUNERI,11.71819,75.69843,1,
434,THUNERI,11.72880,75.67391,1,
435,THUNERI,11.72616,75.63573,1,
436,THUNERI,11.70721,75.63446,1,
437,THUNERI,11.67413,75.63330,1,
438,VADAKARA,11.62429,75.57822,1,
439,VADAKARA,11.64901,75.56432,1,
440,VADAKARA,11.65341,75.60259,1,
441,VADAKARA,11.68652,75.54400,2,
442,AREAKODE,11.23196,76.05367,1,
443,AREAKODE,11.21602,76.00365,1,
444,AREAKODE,11.21626,76.14128,1,
445,AREAKODE,11.19668,76.06388,1,
446,AREAKODE,11.25012,76.02282,1,
447,AREAKODE,11.17775,76.00238,1,
448,AREAKODE,11.15822,76.06046,1,
449,AREAKODE,11.24806,76.05053,1,
450,KALIKAVU,11.24429,76.30436,1,
451,KALIKAVU,11.22129,76.33374,1,
452,KALIKAVU,11.07500,76.28130,1,
453,KALIKAVU,11.16892,76.31968,1,
454,KALIKAVU,11.28745,76.29624,1,
455,KALIKAVU,11.11942,76.33596,1,
456,KALIKAVU,11.11197,76.28370,1,
457,KONDOTTY,11.17364,75.91762,1,
458,KONDOTTY,11.15210,75.95867,1,
459,KONDOTTY,11.18991,75.96725,1,
460,KONDOTTY,11.14245,75.97062,1,
461,KONDOTTY,11.16906,75.92687,1,
462,KONDOTTY,11.24786,75.94901,4,
463,KUTTIPPURAM,10.90447,76.09793,1,
464,KUTTIPPURAM,10.87879,76.10117,1,
465,KUTTIPPURAM,10.93471,75.99635,1,
466,KUTTIPPURAM,10.84640,76.03554,1,
467,KUTTIPPURAM,10.94155,76.04190,1,
468,KUTTIPPURAM,10.89062,76.07004,1,
469,MALAPPURAM,11.08692,76.12160,1,
470,MALAPPURAM,11.02285,76.06818,1,
471,MALAPPURAM,11.13386,76.01503,1,
472,MALAPPURAM,11.02591,76.02869,1,
473,MALAPPURAM,10.99892,76.05711,1,
474,MANKADA,11.06104,76.12569,1,
475,MANKADA,10.98537,76.10853,1,
476,MANKADA,11.03696,76.16074,1,
477,MANKADA,10.92366,76.12890,1,
478,MANKADA,10.97742,76.15704,1,
479,MANKADA,11.02146,76.11942,3,
480,NILAMBUR,11.31171,76.20845,1,
481,NILAMBUR,11.33473,76.27581,1,
482,NILAMBUR,11.35898,76.30693,1,
483,NILAMBUR,11.32626,76.33222,1,
484,NILAMBUR,11.40253,76.25309,1,
485,NILAMBUR,11.37649,76.33717,1,
486,PERINTHALMANNA,10.93323,76.28060,1,
487,PERINTHALMANNA,10.97788,76.20449,1,
488,PERINTHALMANNA,10.91187,76.22491,1,
489,PERINTHALMANNA,11.05339,76.28102,1,
490,PERINTHALMANNA,10.90175,76.19556,1,
491,PERINTHALMANNA,10.95376,76.32110,1,
492,PERINTHALMANNA,11.01930,76.28375,1,
493,PERUMPADAPPU,10.73787,76.02896,1,
494,PERUMPADAPPU,10.74031,75.97298,1,
495,PERUMPADAPPU,10.71776,76.01959,1,
496,PERUMPADAPPU,10.70199,75.98261,1,
497,PERUMPADAPPU,10.72122,75.97665,1,
498,PONNANI,10.78547,76.00436,1,
499,PONNANI,10.82783,75.99415,1,
500,PONNANI,10.83662,75.99297,1,
501,PONNANI,10.78569,76.02469,1,
502,TANUR,10.95342,75.94628,1,
503,TANUR,10.98151,75.90471,1,
504,TANUR,10.94534,75.94107,1,
505,TANUR,10.95140,75.91322,1,
506,TANUR,10.94001,75.97549,1,
507,TANUR,10.98223,75.87536,4,
508,TIRUR,10.84882,75.92208,1,
509,TIRUR,10.88306,75.93137,1,
510,TIRUR,10.84941,75.94177,1,
511,TIRUR,10.88654,75.89522,3,
512,TIRURANGADI,11.08015,75.90232,1,
513,TIRURANGADI,11.01117,75.92357,1,
514,TIRURANGADI,11.04540,75.86015,1,
515,TIRURANGADI,11.10529,75.92574,1,
516,TIRURANGADI,11.11902,75.89346,1,
517,TIRURANGADI,11.03976,75.91185,1,
518,TIRURANGADI,11.11877,75.84320,1,
519,VENGARA,11.06758,75.94071,1,
520,VENGARA,10.99103,75.97918,1,
521,VENGARA,11.08242,75.97076,1,
522,VENGARA,11.01380,75.99467,1,
523,VENGARA,10.99387,75.98051,1,
524,VENGARA,11.05150,75.98678,1,
525,WANDOOR,11.23770,76.20597,1,
526,WANDOOR,11.12684,76.23354,1,
527,WANDOOR,11.16205,76.22853,1,
528,WANDOOR,11.20114,76.17944,1,
529,WANDOOR,11.16553,76.13139,1,
530,WANDOOR,11.19521,76.23995,2,
531,ALATHUR,10.64857,76.54400,1,
532,ALATHUR,10.64687,76.56360,1,
533,ALATHUR,10.61593,76.47050,1,
534,ALATHUR,10.66210,76.52010,1,
535,ALATHUR,10.57735,76.48932,1,
536,ALATHUR,10.63407,76.45025,1,
537,ALATHUR,10.67052,76.48093,1,
538,ALATHUR,10.59612,76.48673,1,
539,ALATHUR,10.58885,76.51685,1,
540,ATTAPPADI,11.10409,76.65326,1,
541,ATTAPPADI,11.15645,76.64495,1,
542,ATTAPPADI,11.11695,76.74652,1,
543,CHITTUR,10.64945,76.74292,1,
544,CHITTUR,10.73100,76.78725,1,
545,CHITTUR,10.73795,76.83111,1,
546,CHITTUR,10.64943,76.76323,3,
547,KOLLENGODE,10.61338,76.69138,1,
548,KOLLENGODE,10.60672,76.76097,1,
549,KOLLENGODE,10.64337,76.69355,3,
550,KUZHALMANNAM,10.72721,76.65488,1,
551,KUZHALMANNAM,10.76600,76.54355,1,
552,KUZHALMANNAM,10.71972,76.60111,1,
553,KUZHALMANNAM,10.73917,76.57548,1,
554,KUZHALMANNAM,10.75314,76.48145,3,
555,MALAMPUZHA,10.81150,76.64328,1,
556,MALAMPUZHA,10.75813,76.75055,1,
557,MALAMPUZHA,10.82164,76.66762,1,
558,MALAMPUZHA,10.78735,76.67190,1,
559,MALAMPUZHA,10.69848,76.68710,1,
560,MALAMPUZHA,10.72988,76.73312,1,
561,MALAMPUZHA,10.80315,76.62253,1,
562,MALAMPUZHA,10.79634,76.74055,1,
563,MANNARKAD,11.01083,76.34433,1,
564,MANNARKAD,11.00363,76.51067,1,
565,MANNARKAD,10.93367,76.50243,1,
566,MANNARKAD,10.99688,76.39300,1,
567,MANNARKAD,10.98988,76.44017,1,
568,MANNARKAD,10.95805,76.50945,1,
569,MANNARKAD,10.95907,76.35627,4,
570,NEMMARA,10.60672,76.56047,1,
571,NEMMARA,10.59352,76.60015,1,
572,NEMMARA,10.63350,76.65827,4,
573,OTTAPPALAM,10.82667,76.34805,1,
574,OTTAPPALAM,10.83777,76.31083,1,
575,OTTAPPALAM,10.78215,76.32482,1,
576,OTTAPPALAM,10.83263,76.41618,1,
577,OTTAPPALAM,10.77928,76.44303,1,
578,PALAKKAD,10.82453,76.49682,1,
579,PALAKKAD,10.74465,76.69363,1,
580,PALAKKAD,10.78333,76.49973,1,
581,PALAKKAD,10.80113,76.47687,1,
582,PALAKKAD,10.83723,76.57888,1,
583,PALAKKAD,10.79023,76.55862,1,
584,PALAKKAD,10.76928,76.60810,2,
585,PATTAMBI,10.86805,76.18888,1,
586,PATTAMBI,10.86417,76.23193,1,
587,PATTAMBI,10.83190,76.15652,1,
588,PATTAMBI,10.86333,76.27860,1,
589,PATTAMBI,10.80250,76.22027,1,
590,PATTAMBI,10.80269,76.18125,1,
591,PATTAMBI,10.87115,76.13978,1,
592,PATTAMBI,10.84070,76.25278,1,
593,PATTAMBI,10.88473,76.18903,3,
594,SREEKRISHNAPURAM,10.88145,76.31020,1,
595,SREEKRISHNAPURAM,10.87132,76.47177,1,
596,SREEKRISHNAPURAM,10.92107,76.41888,1,
597,SREEKRISHNAPURAM,10.86173,76.39157,1,
598,SREEKRISHNAPURAM,10.90247,76.40613,1,
599,SREEKRISHNAPURAM,10.85000,76.34417,1,
600,SREEKRISHNAPURAM,10.88730,76.36620,1,
601,TRITHALA,10.82995,76.05392,1,
602,TRITHALA,10.73443,76.09250,1,
603,TRITHALA,10.79282,76.05892,1,
604,TRITHALA,10.76167,76.12055,1,
605,TRITHALA,10.79342,76.09372,1,
606,TRITHALA,10.73333,76.16252,1,
607,TRITHALA,10.80103,76.12392,1,
608,ELANTHOOR,9.34581,76.74527,1,
609,ELANTHOOR,9.29192,76.72546,1,
610,ELANTHOOR,9.33978,76.71040,1,
611,ELANTHOOR,9.31342,76.75542,4,
612,KOIPURAM,9.35214,76.72750,1,
613,KOIPURAM,9.36569,76.62821,1,
614,KOIPURAM,9.39662,76.68227,1,
615,KOIPURAM,9.33855,76.69592,2,
616,KONNI,9.20782,76.87371,1,
617,KONNI,9.22805,76.85166,1,
618,KONNI,9.28851,76.82664,1,
619,KONNI,9.28847,76.79772,1,
620,KONNI,9.23209,76.80195,1,
621,KONNI,9.26331,76.92647,1,
622,KONNI,9.22723,76.78145,1,
623,MALLAPPALLY,9.40267,76.74273,1,
624,MALLAPPALLY,9.45436,76.71637,1,
625,MALLAPPALLY,9.44291,76.65518,5,
626,PANDLAM,9.32176,76.66808,1,
627,PANDLAM,9.24222,76.67242,1,
628,PANDLAM,9.27539,76.70187,1,
629,PANDLAM,9.22218,76.67810,1,
630,PANDLAM,9.19710,76.73463,1,
631,PANDLAM,9.21652,76.71355,1,
632,PULIKEEZHU,9.35940,76.58797,1,
633,PULIKEEZHU,9.33435,76.53435,1,
634,PULIKEEZHU,9.34179,76.51302,1,
635,PULIKEEZHU,9.36665,76.54551,1,
636,PULIKEEZHU,9.43511,76.61006,1,
637,RANNI,9.33013,76.92513,1,
638,RANNI,9.41343,76.85101,1,
639,RANNI,9.37652,76.77890,1,
640,RANNI,9.37997,76.77429,1,
641,RANNI,9.38565,76.78664,1,
642,RANNI,9.36779,76.85521,1,
643,RANNI,9.32951,76.97100,1,
644,RANNI,9.43143,76.85138,2,
645,ATHIYANNOOR,8.39648,77.05500,1,
646,ATHIYANNOOR,8.36032,77.05590,1,
647,ATHIYANNOOR,8.33460,77.04842,1,
648,ATHIYANNOOR,8.37262,77.02448,1,
649,ATHIYANNOOR,8.40398,77.01336,2,
650,CHIRAYINKEEZHU,8.68126,76.77037,1,
651,CHIRAYINKEEZHU,8.63589,76.81067,1,
652,CHIRAYINKEEZHU,8.66184,76.78740,1,
653,CHIRAYINKEEZHU,8.68125,76.77024,1,
654,CHIRAYINKEEZHU,8.66202,76.81115,1,
655,CHIRAYINKEEZHU,8.69043,76.85831,2,
656,KILIMANOOR,8.77296,76.85555,1,
657,KILIMANOOR,8.75519,76.85855,1,
658,KILIMANOOR,8.77939,76.78680,1,
659,KILIMANOOR,8.82397,76.80923,1,
660,KILIMANOOR,8.76610,76.87505,4,
661,NEDUMANGAD,8.57023,77.01529,1,
662,NEDUMANGAD,8.56188,76.98213,1,
663,NEDUMANGAD,8.66136,76.98683,1,
664,NEDUMANGAD,8.63331,76.93858,1,
665,NEMOM,8.42700,77.04227,1,
666,NEMOM,8.48675,77.03608,1,
667,NEMOM,8.47185,77.07237,1,
668,NEMOM,8.51649,77.02136,1,
669,NEMOM,8.49161,77.02186,3,
670,PARASSALA,8.38013,77.11984,1,
671,PARASSALA,8.34178,77.11217,1,
672,PARASSALA,8.34475,77.15828,1,
673,PARASSALA,8.31850,77.07060,1,
674,PARASSALA,8.36194,77.07956,2,
675,PERUMKADAVILA,8.50595,77.19093,1,
676,PERUMKADAVILA,8.46888,77.12761,1,
677,PERUMKADAVILA,8.53173,77.12726,1,
678,PERUMKADAVILA,8.49119,77.12288,1,
679,PERUMKADAVILA,8.43675,77.10797,1,
680,PERUMKADAVILA,8.43101,77.19688,3,
681,POTHENCODE,8.58845,76.85200,1,
682,POTHENCODE,8.62369,76.84869,3,
683,VAMANAPURAM,8.75015,76.93893,1,
684,VAMANAPURAM,8.66153,76.91781,1,
685,VAMANAPURAM,8.70214,77.02774,1,
686,VAMANAPURAM,8.76540,76.96178,1,
687,VAMANAPURAM,8.72460,77.04277,1,
688,VAMANAPURAM,8.67988,76.94135,3,
689,VARKALA,8.72657,76.75316,1,
690,VARKALA,8.76448,76.69619,1,
691,VARKALA,8.77654,76.72507,1,
692,VARKALA,8.71956,76.77935,4,
693,VELLANAD,8.58444,77.08649,1,
694,VELLANAD,8.50785,77.08140,1,
695,VELLANAD,8.56609,77.09978,1,
696,VELLANAD,8.53611,77.08671,1,
697,VELLANAD,8.56407,77.05443,1,
698,VELLANAD,8.67094,77.08249,3,
699,ANTHIKKAD,10.45776,76.12148,1,
700,ANTHIKKAD,10.49752,76.14862,1,
701,ANTHIKKAD,10.41113,76.16656,1,
702,ANTHIKKAD,10.47465,76.10223,1,
703,ANTHIKKAD,10.41433,76.11137,1,
704,CHALAKKUDY,10.27006,76.31106,1,
705,CHALAKKUDY,10.26443,76.35054,1,
706,CHALAKKUDY,10.29366,76.35292,1,
707,CHALAKKUDY,10.31990,76.37068,3,
708,CHAVAKKAD,10.53802,76.02918,1,
709,CHAVAKKAD,10.59316,76.02916,1,
710,CHAVAKKAD,10.66179,76.00361,1,
711,CHAVAKKAD,10.67167,75.99759,1,
712,CHAVAKKAD,10.64106,76.01530,1,
713,CHERPU,10.46943,76.22971,1,
714,CHERPU,10.44501,76.21338,1,
715,CHERPU,10.46627,76.18485,1,
716,CHERPU,10.44213,76.21715,1,
717,CHOWANNUR,10.61846,76.11991,1,
718,CHOWANNUR,10.67720,76.12173,1,
719,CHOWANNUR,10.69409,76.08765,1,
720,CHOWANNUR,10.60183,76.09158,1,
721,CHOWANNUR,10.68718,76.04407,1,
722,CHOWANNUR,10.64005,76.15762,1,
723,IRINJALAKKUDA,10.36834,76.26531,1,
724,IRINJALAKKUDA,10.40385,76.27546,3,
725,KODAKARA,10.43490,76.27979,1,
726,KODAKARA,10.37104,76.30355,1,
727,KODAKARA,10.37610,76.36214,1,
728,KODAKARA,10.44627,76.25942,1,
729,KODAKARA,10.42506,76.26807,1,
730,KODAKARA,10.45227,76.28473,1,
731,KODAKARA,10.42091,76.33296,1,
732,MALA,10.21219,76.29044,1,
733,MALA,10.24037,76.26620,1,
734,MALA,10.21235,76.26535,1,
735,MALA,10.34143,76.28191,2,
736,MATHILAKAM,10.38142,76.14832,1,
737,MATHILAKAM,10.24038,76.16947,1,
738,MATHILAKAM,10.33934,76.13606,1,
739,MATHILAKAM,10.28929,76.16804,1,
740,MATHILAKAM,10.31326,76.14857,1,
741,MATHILAKAM,10.26418,76.17999,2,
742,MULLASSERY,10.57403,76.07619,1,
743,MULLASSERY,10.53240,76.08527,1,
744,MULLASSERY,10.56594,76.06178,1,
745,MULLASSERY,10.51927,76.09134,1,
746,OLLUKKARA,10.50610,76.27901,1,
747,OLLUKKARA,10.55807,76.33169,1,
748,OLLUKKARA,10.49044,76.27802,2,
749,PAZHAYANNUR,10.69473,76.33460,1,
750,PAZHAYANNUR,10.72184,76.30462,1,
751,PAZHAYANNUR,10.68819,76.42315,1,
752,PAZHAYANNUR,10.73305,76.42901,1,
753,PAZHAYANNUR,10.74908,76.27620,2,
754,PUZHAKKAL,10.55216,76.17409,1,
755,PUZHAKKAL,10.60811,76.17619,1,
756,PUZHAKKAL,10.59185,76.15455,1,
757,PUZHAKKAL,10.58703,76.21492,1,
758,PUZHAKKAL,10.56389,76.12225,3,
759,THALIKKULAM,10.50350,76.06097,1,
760,THALIKKULAM,10.41594,76.11045,1,
761,THALIKKULAM,10.44122,76.09404,1,
762,THALIKKULAM,10.46409,76.08349,1,
763,THALIKKULAM,10.40533,76.11089,1,
764,VELLANGALLUR,10.29972,76.19164,1,
765,VELLANGALLUR,10.30075,76.19677,1,
766,VELLANGALLUR,10.26815,76.24142,1,
767,VELLANGALLUR,10.28607,76.21475,1,
768,VELLANGALLUR,10.31479,76.23787,1,
769,WADAKKANCHERY,10.74956,76.22063,1,
770,WADAKKANCHERY,10.68246,76.18352,1,
771,WADAKKANCHERY,10.70440,76.27162,1,
772,WADAKKANCHERY,10.63725,76.21299,1,
773,WADAKKANCHERY,10.63634,76.27401,1,
774,WADAKKANCHERY,10.71477,76.21426,1,
775,WADAKKANCHERY,10.66080,76.24640,3,
776,KALPETTA,11.55662,76.03893,1,
777,KALPETTA,11.61832,76.03229,1,
778,KALPETTA,11.63661,76.00539,1,
779,KALPETTA,11.64279,76.11126,1,
780,KALPETTA,11.56397,76.12762,1,
781,KALPETTA,11.67737,75.97658,1,
782,KALPETTA,11.55714,76.22334,1,
783,MANANTHAVADY,11.80351,76.00072,1,
784,MANANTHAVADY,11.84779,76.06280,1,
785,MANANTHAVADY,11.73360,75.95621,1,
786,MANANTHAVADY,11.74328,75.88355,4,
787,PANAMARAM,11.81988,76.16587,1,
788,PANAMARAM,11.72350,76.15310,1,
789,PANAMARAM,11.79782,76.16405,1,
790,SULTHAN BATHERY,11.62044,76.21124,1,
791,SULTHAN BATHERY,11.65546,76.15806,1,
792,SULTHAN BATHERY,11.63072,76.27737,1,
793,SULTHAN BATHERY,11.66852,76.31422,1,
794,SULTHAN BATHERY,11.66053,76.24946,2,
,,,,965,
