FPOI BLOCk,LAT,LONG,LAT,LONG
AMBALAPPUZHA,9.40597,76.35058,9.40633,76.35110
AMBALAPPUZHA,9.38293,76.35572,9.38353,76.35590
AMBALAPPUZHA,9.43647,76.34446,9.45094,76.34243
ARYAD,9.57197,76.34708,9.54046,76.34255
ARYAD,9.60374,76.35898,9.57108,76.34763
BHARANICAVU,9.17532,76.56168,9.17735,76.55344
BHARANICAVU,9.18783,76.59650,9.19798,76.59788
BHARANICAVU,9.14569,76.61649,9.14514,76.61471
BHARANICAVU,9.17593,76.63622,9.19359,76.63638
BHARANICAVU,9.12861,76.55682,9.17517,76.63955
CHAMPAKULAM,9.43540,76.42005,9.43548,76.42207
CHAMPAKULAM,9.47808,76.38613,9.36600,76.47618
CHAMPAKULAM,9.40261,76.40981,9.47858,76.38683
CHAMPAKULAM,9.37206,76.41125,9.40223,76.41136
CHENGANNUR,9.27587,76.58650,9.28624,76.60863
CHENGANNUR,9.30142,76.58712,9.27547,76.59275
CHENGANNUR,9.24663,76.61452,9.30402,76.58765
CHENGANNUR,9.29927,76.63454,9.24606,76.61466
CHENGANNUR,9.30935,76.56378,9.29174,76.64766
CHENGANNUR,9.33850,76.57710,9.29187,76.55364
HARIPPAD,9.28494,76.45455,9.30237,76.44478
HARIPPAD,9.25687,76.45025,9.28303,76.45428
HARIPPAD,9.31674,76.42937,9.26131,76.44973
HARIPPAD,9.28005,76.47550,9.31538,76.42789
HARIPPAD,9.25915,76.40881,9.28351,76.44012
HARIPPAD,9.33001,76.46338,9.27958,76.47802
KANJIKKUZHY,9.62152,76.33193,9.61310,76.36263
KANJIKKUZHY,9.65914,76.31814,9.62211,76.34264
KANJIKKUZHY,9.70379,76.31731,9.61137,76.32967
KANJIKKUZHY,9.67935,76.37679,9.65217,76.31783
MAVELIKKARA,9.27922,76.53384,9.28072,76.52700
MAVELIKKARA,9.22772,76.51522,9.22886,76.51711
MAVELIKKARA,9.29976,76.53550,9.21764,76.55166
MAVELIKKARA,9.24395,76.58533,9.23612,76.58855
MUTHUKULAM,9.23823,76.47110,9.20170,76.43613
MUTHUKULAM,9.17589,76.47305,9.24110,76.46989
MUTHUKULAM,9.15308,76.52637,9.14811,76.49696
MUTHUKULAM,9.21371,76.46156,9.17628,76.47353
MUTHUKULAM,9.20629,76.49452,9.15149,76.52432
PATTANAKKAD,9.73614,76.31849,9.70349,76.31407
PATTANAKKAD,9.75651,76.31834,9.73240,76.31862
PATTANAKKAD,9.79687,76.31584,9.72223,76.34062
PATTANAKKAD,9.86723,76.30528,9.75722,76.31825
THYCATTUSSERY,9.73991,76.36275,9.74110,76.36283
THYCATTUSSERY,9.77332,76.35295,9.77344,76.34242
THYCATTUSSERY,9.81674,76.35036,9.81623,76.35132
THYCATTUSSERY,9.86162,76.32359,9.84247,76.35922
VELIYANAD,9.40927,76.49857,9.47263,76.46090
VELIYANAD,9.49103,76.49721,9.40068,76.49949
VELIYANAD,9.44958,76.44792,9.49103,76.49721
VELIYANAD,9.42279,76.46915,9.44978,76.44809
VELIYANAD,9.42573,76.48811,9.42348,76.46635
ALANGAD,10.07528,76.27139,10.11806,76.28528
ALANGAD,10.12931,76.30036,10.09591,76.31796
ANGAMALI,10.22077,76.41289,10.23993,76.37275
ANGAMALI,10.20591,76.42180,10.21904,76.41267
ANGAMALI,10.16673,76.43752,10.20512,76.42167
ANGAMALI,10.20444,76.45250,10.16713,76.43633
ANGAMALI,10.14529,76.42611,10.20450,76.45190
ANGAMALI,10.25373,76.47826,10.14576,76.42598
EDAPPALLY,10.03942,76.27855,10.04029,76.27952
EDAPPALLY,10.01871,76.22573,10.05261,76.26109
KOOVAPPADY,10.09333,76.55694,10.09460,76.55649
KOOVAPPADY,10.14944,76.48167,10.15304,76.48218
KOOVAPPADY,10.15232,76.52644,10.13108,76.52904
KOOVAPPADY,10.08530,76.50220,10.15380,76.45330
KOOVAPPADY,10.14186,76.53553,10.08506,76.51959
KOOVAPPADY,10.08338,76.46595,10.14590,76.54055
KOTHAMANGALAM,10.11859,76.59183,10.10418,76.66304
KOTHAMANGALAM,10.15158,76.73574,10.05884,76.68036
KOTHAMANGALAM,10.07023,76.60406,10.11778,76.58982
KOTHAMANGALAM,10.00561,76.68254,10.15149,76.73562
KOTHAMANGALAM,10.02643,76.65762,10.07788,76.58983
KOTHAMANGALAM,10.10515,76.62444,10.00532,76.71023
KOTHAMANGALAM,10.00941,76.68075,10.03052,76.68178
KOTHAMANGALAM,10.01517,76.62726,10.10501,76.62391
MUVATTUPUZHA,9.93397,76.59908,9.95791,76.62489
MUVATTUPUZHA,9.98272,76.63851,9.93250,76.59918
MUVATTUPUZHA,9.94499,76.64359,9.98516,76.63812
MUVATTUPUZHA,9.96570,76.66832,9.94423,76.64105
MUVATTUPUZHA,9.95299,76.55478,9.96991,76.67178
MUVATTUPUZHA,9.97863,76.53509,10.02078,76.56159
MUVATTUPUZHA,9.96011,76.62035,9.95584,76.56014
PAMPAKUDA,9.83012,76.54274,9.91400,76.45768
PAMPAKUDA,9.85723,76.59408,9.83086,76.54057
PAMPAKUDA,9.86173,76.59573,9.86173,76.59573
PAMPAKUDA,9.92031,76.52061,9.88122,76.60651
PAMPAKUDA,9.92032,76.52061,9.91883,76.52136
PAMPAKUDA,9.94419,76.48991,9.87761,76.48495
PAMPAKUDA,9.89197,76.56361,9.94272,76.48168
PARAKKADAV,10.15598,76.35380,10.15591,76.29513
PARAKKADAV,10.18734,76.32857,10.16223,76.36914
PARAKKADAV,10.18861,76.24706,10.18803,76.32842
VADAVUCODE,9.97889,76.47500,9.98297,76.47639
VADAVUCODE,10.02466,76.40349,10.02489,76.40552
VADAVUCODE,10.03776,76.50353,10.03478,76.50192
VADAVUCODE,9.95819,76.44614,9.96513,76.44459
VADAVUCODE,9.93436,76.42464,9.93396,76.42506
VAZHAKKULAM,10.08779,76.34296,10.08836,76.34339
VAZHAKKULAM,10.03648,76.40755,10.07228,76.38112
VAZHAKKULAM,10.11213,76.42495,10.10278,76.38806
VAZHAKKULAM,10.08338,76.46595,10.03667,76.40750
VYPEEN,10.09407,76.20688,10.01819,76.22591
VYPEEN,10.11070,76.20305,10.02449,76.25719
VYPEEN,10.05679,76.21488,10.09080,76.20907
VYPEEN,10.13865,76.19554,10.10987,76.20299
AZHUTHA,9.63240,76.97816,9.63096,76.97879
AZHUTHA,9.55299,76.92631,9.57574,76.89381
AZHUTHA,9.57159,76.99407,9.60541,77.16526
AZHUTHA,9.56969,77.08729,9.55352,76.92549
AZHUTHA,9.54037,76.90485,9.57315,76.99201
DEVIKULAM,10.10810,77.13364,10.04064,77.17268
DEVIKULAM,10.12450,76.92422,10.10506,77.12701
DEVIKULAM,10.21583,77.19670,10.12600,76.92500
DEVIKULAM,10.27861,77.16949,10.21529,77.19491
DEVIKULAM,9.96263,77.21701,10.27653,77.16262
DEVIKULAM,10.08621,77.05943,9.96532,77.21578
DEVIKULAM,10.18413,77.25889,10.08537,77.05926
ELEMDESAM,9.88082,76.76825,9.88243,76.76519
ELEMDESAM,9.94855,76.76509,9.92080,76.77834
ELEMDESAM,9.98917,76.79139,9.94813,76.76505
IDUKKI,9.95204,76.93336,9.95254,76.93400
IDUKKI,9.80405,76.83957,9.79121,76.85216
IDUKKI,9.84014,77.03638,9.83976,77.03467
IDUKKI,9.85623,76.98983,9.85651,76.98777
IDUKKI,9.91173,77.00944,9.91409,77.00825
IDUKKI,9.87443,76.95992,9.87447,76.95916
KATTAPPANA,9.65939,77.15871,9.66456,77.15747
KATTAPPANA,9.69682,77.03971,9.69828,77.03992
KATTAPPANA,9.79494,77.10758,9.73853,77.06223
KATTAPPANA,9.73833,77.06223,9.75431,77.11583
KATTAPPANA,9.75347,77.11592,9.69947,77.02109
KATTAPPANA,9.70107,77.02136,9.72289,77.12312
NEDUMKANDOM,9.77336,77.21546,9.83427,77.15893
NEDUMKANDOM,9.89979,77.17593,9.78021,77.20658
NEDUMKANDOM,9.94914,77.18105,9.89980,77.17791
NEDUMKANDOM,9.96093,77.09673,9.95004,77.18015
NEDUMKANDOM,9.96750,77.15667,9.96864,77.15271
NEDUMKANDOM,9.80482,77.15865,9.79940,77.16128
THODUPUZHA,9.84155,76.74464,9.83956,76.74606
THODUPUZHA,9.88329,76.64150,9.88297,76.64230
THODUPUZHA,9.89283,76.74517,9.89339,76.74526
THODUPUZHA,9.93406,76.71235,9.93750,76.70847
THODUPUZHA,9.85694,76.69028,9.85289,76.68607
EDAKKAD,11.90042,75.43067,11.89983,75.43089
EDAKKAD,11.86627,75.40214,11.87723,75.45687
EDAKKAD,11.88236,75.40164,11.84587,75.41694
EDAKKAD,11.83395,75.45293,11.88638,75.40370
EDAKKAD,11.97108,75.40938,11.83440,75.45296
EDAKKAD,11.91404,75.45716,11.91226,75.45546
EDAKKAD,11.83193,75.48356,11.92834,75.52731
IRIKKUR,12.09497,75.54845,11.97233,75.40938
IRIKKUR,11.98572,75.55195,12.09501,75.54652
IRIKKUR,12.01876,75.48788,11.98495,75.55082
IRIKKUR,11.99406,75.45288,11.95850,75.47431
IRIKKUR,12.06062,75.58157,12.01876,75.48788
IRIKKUR,12.04541,75.50514,11.99264,75.45131
IRIKKUR,12.04086,75.66039,11.99837,75.62802
IRIKKUR,12.00204,75.62782,12.06068,75.58124
IRITTY,11.99566,75.72144,11.99676,75.72643
IRITTY,12.03413,75.74686,12.03236,75.74512
IRITTY,11.92905,75.52521,11.96413,75.65553
IRITTY,11.96125,75.65280,11.94123,75.50500
IRITTY,11.93460,75.50407,12.00286,75.68956
IRITTY,12.00474,75.69124,11.92860,75.66010
KALLIASSERI,11.99614,75.29441,11.99646,75.29441
KALLIASSERI,12.07811,75.26058,12.07123,75.25962
KALLIASSERI,12.03814,75.29617,12.03821,75.29293
KALLIASSERI,12.02222,75.26892,11.98594,75.31177
KALLIASSERI,11.97325,75.28606,12.02435,75.26678
KALLIASSERI,11.97135,75.36263,11.97356,75.28573
KALLIASSERI,11.93888,75.40429,11.97025,75.36166
KANNUR,11.93049,75.32851,11.92039,75.33601
KANNUR,11.91729,75.35674,11.91372,75.35840
KANNUR,11.88916,75.36167,11.88921,75.36152
KANNUR,11.94621,75.35448,11.89652,75.38469
KANNUR,11.90186,75.38688,11.92813,75.34703
KUTHUPARAMBA,11.84767,75.63326,11.84610,75.64334
KUTHUPARAMBA,11.80863,75.55048,11.80856,75.54994
KUTHUPARAMBA,11.75113,75.62328,11.75562,75.61346
KUTHUPARAMBA,11.87148,75.57281,11.86164,75.56255
KUTHUPARAMBA,11.79869,75.56286,11.79912,75.56276
PANOOR,11.72678,75.55531,11.72879,75.55290
PANOOR,11.78742,75.53121,11.78578,75.53269
PANOOR,11.69536,75.57821,11.69708,75.58319
PANOOR,11.78614,75.56903,11.78406,75.57065
PANOOR,11.75982,75.57714,11.75201,75.55456
PANOOR,11.72743,75.59334,11.75940,75.58018
PAYYANNUR,12.27126,75.36067,12.27452,75.36427
PAYYANNUR,12.13677,75.30199,12.13366,75.30025
PAYYANNUR,12.17706,75.24710,12.17860,75.24739
PAYYANNUR,12.17597,75.19212,12.17343,75.19363
PAYYANNUR,12.07945,75.24112,12.07965,75.24017
PAYYANNUR,12.06444,75.18981,12.22425,75.31554
PERAVOOR,11.90721,75.77155,11.90641,75.78509
PERAVOOR,11.90641,75.78509,11.89447,75.80939
PERAVOOR,11.85418,75.69870,11.85272,75.69662
PERAVOOR,11.89447,75.80939,11.88015,75.84737
PERAVOOR,11.89361,75.74134,11.90175,75.73399
PERAVOOR,11.89363,75.62821,11.89242,75.62699
PERAVOOR,11.93775,75.70678,11.93809,75.70554
TALIPARAMBA,12.04228,75.48959,11.94822,75.35483
TALIPARAMBA,12.03994,75.41099,12.04392,75.49080
TALIPARAMBA,12.06974,75.33162,12.04031,75.41151
TALIPARAMBA,12.02772,75.32607,12.06902,75.33162
TALIPARAMBA,12.19929,75.46154,12.02718,75.32659
TALIPARAMBA,12.12814,75.41213,12.19849,75.45814
TALIPARAMBA,12.12146,75.48341,12.12721,75.41499
TALIPARAMBA,12.22883,75.48066,12.12084,75.48214
THALASSERY,11.77524,75.46955,11.83257,75.48335
THALASSERY,11.77439,75.51150,11.77501,75.46970
THALASSERY,11.81365,75.43829,11.77476,75.51271
THALASSERY,11.80933,75.49231,11.80856,75.49391
THALASSERY,11.88625,75.48581,11.71054,75.53935
THALASSERY,11.71161,75.53487,11.86451,75.50964
KANHANGAD,12.34343,75.08951,12.33999,75.08928
KANHANGAD,12.31800,75.14765,12.30004,75.13660
KANHANGAD,12.37943,75.10025,12.38856,75.04311
KANHANGAD,12.43008,75.02312,12.38257,75.10085
KARADKA,12.46122,75.16453,12.46120,75.16628
KARADKA,12.59124,75.17479,12.59146,75.17449
KARADKA,12.54989,75.25063,12.55414,75.24584
KARADKA,12.54629,75.16778,12.54909,75.16524
KARADKA,12.54909,75.16524,12.57110,75.11090
KARADKA,12.47707,75.21016,12.47746,75.21173
KARADKA,12.50788,75.09566,12.50903,75.09555
KASARGOD,12.58811,75.07104,12.58551,75.07417
KASARGOD,12.46629,75.00668,12.48089,75.03083
KASARGOD,12.51094,75.05146,12.50963,75.05257
KASARGOD,12.59106,74.94740,12.59497,74.94402
KASARGOD,12.54170,75.00080,12.54035,75.00030
KASARGOD,12.52289,74.97234,12.53960,74.96380
MANJESHWAR,12.64640,75.10640,12.64640,75.10790
MANJESHWAR,12.67046,74.91148,12.65796,74.91897
MANJESHWAR,12.73205,74.88395,12.71563,74.88926
MANJESHWAR,12.71310,74.95249,12.71332,74.95332
MANJESHWAR,12.68722,74.98742,12.68688,74.98306
MANJESHWAR,12.61494,75.01024,12.62141,75.00832
MANJESHWAR,12.75066,74.94859,12.75389,74.94730
NILESHWAR,12.23910,75.23210,12.21590,75.16090
NILESHWAR,12.17610,75.14750,12.23690,75.23030
NILESHWAR,12.19700,75.16390,12.16990,75.15030
NILESHWAR,12.13750,75.17750,12.19110,75.16740
PARAPPA,12.38580,75.28040,12.38530,75.28240
PARAPPA,12.32200,75.35790,12.32330,75.35900
PARAPPA,12.42980,75.26690,12.42920,75.26610
PARAPPA,12.28860,75.23460,12.28750,75.24830
PARAPPA,12.39100,75.19350,12.39070,75.19570
PARAPPA,12.45570,75.36080,12.45560,75.36580
PARAPPA,12.32000,75.28630,12.32150,75.28770
ANCHAL,8.88770,76.96018,8.89211,76.95203
ANCHAL,8.93140,76.91400,8.92870,76.91418
ANCHAL,8.92427,76.90034,8.97082,77.09732
ANCHAL,8.98634,76.90977,8.92089,76.89497
ANCHAL,8.90914,77.05460,8.90721,77.05451
ANCHAL,8.96778,77.07036,8.96609,77.06958
ANCHAL,8.93715,76.94720,8.93632,76.94612
CHADAYAMANGALAM,8.87382,76.87132,8.87136,76.86932
CHADAYAMANGALAM,8.81500,76.96953,8.81423,76.97411
CHADAYAMANGALAM,8.90271,76.82195,8.90029,76.83197
CHADAYAMANGALAM,8.87052,76.92078,8.86761,76.90739
CHADAYAMANGALAM,8.82643,76.91758,8.82649,76.91763
CHADAYAMANGALAM,8.78774,76.94076,8.78942,76.94026
CHADAYAMANGALAM,8.82326,76.88293,8.82276,76.88322
CHADAYAMANGALAM,8.87451,76.78075,8.87446,76.77614
CHAVARA,8.98085,76.53473,8.98002,76.53772
CHAVARA,8.95764,76.53305,8.95559,76.53418
CHAVARA,9.01165,76.53787,9.01132,76.54170
CHAVARA,8.95434,76.56185,8.96045,76.56363
CHAVARA,9.01216,76.57500,9.01365,76.57449
CHITTUMALA,9.01730,76.65255,9.01742,76.65293
CHITTUMALA,8.95807,76.67184,8.96069,76.67259
CHITTUMALA,9.00424,76.62988,9.00246,76.63038
CHITTUMALA,8.93613,76.61133,8.93759,76.61739
CHITTUMALA,8.98155,76.67153,8.98266,76.67132
CHITTUMALA,8.94775,76.63812,8.94860,76.63746
CHITTUMALA,8.92616,76.59857,8.92842,76.60139
CHITTUMALA,8.95522,76.60096,8.95100,76.60023
ITHIKKARA,8.86324,76.70938,8.86315,76.71511
ITHIKKARA,8.83356,76.74447,8.83194,76.74622
ITHIKKARA,8.81634,76.69608,8.82509,76.71498
KOTTARAKKARA,8.98056,76.71355,8.98034,76.72018
KOTTARAKKARA,9.00420,76.78131,8.95180,76.72026
KOTTARAKKARA,8.99611,76.75338,9.00515,76.77932
KOTTARAKKARA,8.90952,76.76427,8.99703,76.75260
KOTTARAKKARA,8.93873,76.77129,8.90851,76.76221
MUKHATHALA,8.95446,76.66922,8.95581,76.67146
MUKHATHALA,8.91590,76.63329,8.90638,76.63660
MUKHATHALA,8.90714,76.69161,8.84064,76.64693
MUKHATHALA,8.89706,76.66752,8.89888,76.66656
OACHIRA,9.06774,76.49593,9.11118,76.50912
OACHIRA,9.09355,76.50475,9.13219,76.51289
OACHIRA,9.13204,76.51247,9.08905,76.56113
OACHIRA,9.08820,76.56372,9.06729,76.55951
PATHANAPURAM,9.08753,76.85554,8.98626,76.90960
PATHANAPURAM,9.05686,76.91396,9.08819,76.85577
PATHANAPURAM,9.02781,76.86259,9.07686,76.79654
SASTHAMCOTTAH,9.06300,76.67410,9.06075,76.67655
SASTHAMCOTTAH,9.04175,76.59039,9.04193,76.58953
SASTHAMCOTTAH,9.08025,76.67252,9.07494,76.66066
SASTHAMCOTTAH,9.04380,76.62425,9.04366,76.62653
SASTHAMCOTTAH,9.10112,76.61725,9.10275,76.61973
SASTHAMCOTTAH,9.07453,76.60619,9.07476,76.60453
VETTIKKAVALA,9.05649,76.73355,9.05583,76.73150
VETTIKKAVALA,9.01391,76.82562,9.01305,76.82478
VETTIKKAVALA,9.02989,76.78612,9.02993,76.78616
VETTIKKAVALA,9.05528,76.69531,9.05426,76.69821
VETTIKKAVALA,8.93380,76.81520,8.93354,76.81649
VETTIKKAVALA,8.98692,76.83562,8.99392,76.83058
ERATTUPETTA,9.68607,76.78127,9.68760,76.77983
ERATTUPETTA,9.67382,76.81278,9.66118,76.77890
ERATTUPETTA,9.67415,76.79495,9.74787,76.78493
ERATTUPETTA,9.69928,76.81770,9.67360,76.81360
ERATTUPETTA,9.78197,76.76343,9.67340,76.79558
ERATTUPETTA,9.66828,76.77950,9.58972,76.52047
ERATTUPETTA,9.74510,76.78337,9.72322,76.80955
ERATTUPETTA,9.70032,76.75830,9.70693,76.76142
ETTUMANOOR,9.63052,76.50955,9.64288,76.50882
ETTUMANOOR,9.66763,76.53280,9.66915,76.53818
ETTUMANOOR,9.61972,76.51052,9.61243,76.49832
ETTUMANOOR,9.67362,76.55717,9.67048,76.55562
ETTUMANOOR,9.59503,76.43052,9.68683,76.50502
KADUTHURUTHY,9.76520,76.49247,9.76555,76.49298
KADUTHURUTHY,9.71373,76.47557,9.70842,76.47678
KADUTHURUTHY,9.82767,76.49925,9.82790,76.49830
KADUTHURUTHY,9.79017,76.52352,9.78990,76.52325
KADUTHURUTHY,9.78675,76.45223,9.78535,76.44672
KADUTHURUTHY,9.82845,76.45095,9.83002,76.45195
KANJIRAPPALLY,9.48108,76.84618,9.48118,76.84557
KANJIRAPPALLY,9.55450,76.79018,9.55353,76.78997
KANJIRAPPALLY,9.58425,76.88312,9.58450,76.88683
KANJIRAPPALLY,9.46810,76.96232,9.46710,76.96315
KANJIRAPPALLY,9.48962,76.75312,9.48378,76.76747
KANJIRAPPALLY,9.53770,76.88682,9.53830,76.88592
KANJIRAPPALLY,9.56982,76.81540,9.56710,76.81385
LALAM,9.70040,76.72803,9.70087,76.72820
LALAM,9.76497,76.70303,9.77950,76.70163
LALAM,9.72403,76.67908,9.73738,76.66975
LALAM,9.65737,76.66348,9.65617,76.66333
LALAM,9.68353,76.72208,9.68297,76.72232
LALAM,9.69255,76.65760,9.69277,76.65715
MADAPPALLY,9.48060,76.59700,9.48125,76.59723
MADAPPALLY,9.42530,76.56260,9.42632,76.56142
MADAPPALLY,9.44488,76.57367,9.43827,76.56495
MADAPPALLY,9.51930,76.57050,9.52180,76.57267
MADAPPALLY,9.45955,76.55370,9.46057,76.55210
PALLOM,9.63262,76.60505,9.59248,76.43558
PALLOM,9.49498,76.52767,9.58117,76.47785
PALLOM,9.52955,76.53927,9.52902,76.54128
PALLOM,9.55733,76.57217,9.55513,76.57235
PAMPADY,9.62675,76.67370,9.63527,76.60513
PAMPADY,9.59782,76.64675,9.59143,76.56458
PAMPADY,9.58660,76.58352,9.62715,76.67353
PAMPADY,9.54995,76.60868,9.59707,76.64742
PAMPADY,9.60230,76.68317,9.58802,76.58317
PAMPADY,9.56755,76.63937,9.54902,76.60708
UZHAVOOR,9.71597,76.55927,9.71490,76.60888
UZHAVOOR,9.75495,76.56150,9.71602,76.55897
UZHAVOOR,9.74273,76.61148,9.75752,76.56053
UZHAVOOR,9.79900,76.66450,9.74268,76.61192
UZHAVOOR,9.79190,76.61065,9.80245,76.66182
UZHAVOOR,9.82863,76.60705,9.79183,76.61067
UZHAVOOR,9.68407,76.60652,9.82180,76.60843
VAIKOM,9.72145,76.41622,9.81533,76.42365
VAIKOM,9.70740,76.39170,9.79388,76.41800
VAIKOM,9.76783,76.41680,9.71538,76.41723
VAIKOM,9.68845,76.42012,9.71188,76.39213
VAIKOM,9.82618,76.42902,9.76572,76.41498
VAZHOOR,9.56405,76.75750,9.56313,76.76205
VAZHOOR,9.50070,76.63735,9.50935,76.69237
VAZHOOR,9.50792,76.66292,9.50937,76.66597
VAZHOOR,9.56643,76.70233,9.56650,76.70672
BALUSSERI,11.44623,75.84451,11.45503,75.84259
BALUSSERI,11.44628,75.83499,11.44757,75.82987
BALUSSERI,11.49668,75.81402,11.49563,75.81622
BALUSSERI,11.48506,75.77521,11.48572,75.77605
BALUSSERI,11.45019,75.77129,11.45057,75.77261
BALUSSERI,11.54002,75.84276,11.54018,75.84299
BALUSSERI,11.44335,75.87791,11.44290,75.88058
CHELANNUR,11.35676,75.80733,11.35693,75.80449
CHELANNUR,11.41843,75.83135,11.42192,75.83141
CHELANNUR,11.37069,75.86475,11.36720,75.86392
CHELANNUR,11.35170,75.76138,11.35310,75.75916
CHELANNUR,11.31314,75.79935,11.31372,75.79839
CHELANNUR,11.38404,75.82119,11.38642,75.82375
KODUVALLY,11.36287,75.90977,11.36144,75.91035
KODUVALLY,11.36570,75.96351,11.36374,75.96454
KODUVALLY,11.36128,76.01193,11.36372,76.01025
KODUVALLY,11.34795,76.03899,11.34817,76.03608
KODUVALLY,11.43207,76.00477,11.48004,75.97432
KODUVALLY,11.48001,75.97413,11.40963,75.93649
KODUVALLY,11.40956,75.93529,11.48700,75.91338
KODUVALLY,11.48615,75.91441,11.37229,75.88972
KODUVALLY,11.36045,75.88890,11.35540,75.86907
KOZHIKODE,11.22855,75.83228,11.22854,75.83302
KOZHIKODE,11.17780,75.86715,11.17879,75.86984
KOZHIKODE,11.17698,75.83180,11.17937,75.83293
KUNNAMANGALAM,11.31869,75.94004,11.43103,76.00676
KUNNAMANGALAM,11.26449,75.89254,11.31832,75.94547
KUNNAMANGALAM,11.26052,75.95313,11.26430,75.88890
KUNNAMANGALAM,11.32149,75.99329,11.26092,75.95198
KUNNAMANGALAM,11.30777,75.88072,11.28442,75.98728
KUNNAMANGALAM,11.31859,75.85149,11.32113,75.99709
KUNNAMANGALAM,11.31668,75.99790,11.31657,75.99786
KUNNAMANGALAM,11.24209,75.88132,11.30510,75.87842
KUNNUMMAL,11.67634,75.70155,11.67711,75.70029
KUNNUMMAL,11.65584,75.74798,11.70864,75.72232
KUNNUMMAL,11.66792,75.75394,11.65518,75.74936
KUNNUMMAL,11.67802,75.78130,11.66755,75.75328
KUNNUMMAL,11.64157,75.80608,11.67716,75.77903
KUNNUMMAL,11.62036,75.70722,11.64242,75.80384
MELDAY,11.49592,75.62711,11.49495,75.62721
MELDAY,11.51157,75.62208,11.51533,75.62183
MELDAY,11.52639,75.65611,11.52657,75.65598
MELDAY,11.53222,75.71305,11.53065,75.71102
PANTHALAYANI,11.39810,75.72518,11.39431,75.72719
PANTHALAYANI,11.42088,75.71211,11.42257,75.71240
PANTHALAYANI,11.47098,75.64931,11.47038,75.65240
PANTHALAYANI,11.48693,75.71514,11.49247,75.71650
PERAMBRA,11.58739,75.76552,11.58731,75.76554
PERAMBRA,11.55906,75.75523,11.59995,75.76506
PERAMBRA,11.56391,75.71021,11.55872,75.75800
PERAMBRA,11.53735,75.77045,11.56398,75.71082
THODANNUR,11.55213,75.64146,11.55449,75.64196
THODANNUR,11.58669,75.67433,11.64625,75.66491
THODANNUR,11.62579,75.62813,11.58856,75.67352
THUNERI,11.66075,75.61442,11.66128,75.61514
THUNERI,11.71819,75.69843,11.71876,75.69863
THUNERI,11.72880,75.67391,11.72943,75.67436
THUNERI,11.72616,75.63573,11.72865,75.63877
THUNERI,11.70721,75.63446,11.70862,75.63435
THUNERI,11.67413,75.63330,11.67131,75.63498
VADAKARA,11.62429,75.57822,11.62441,75.62704
VADAKARA,11.64901,75.56432,11.62533,75.57822
VADAKARA,11.65341,75.60259,11.65087,75.56264
VADAKARA,11.68652,75.54400,11.68811,75.54280
AREAKODE,11.23196,76.05367,11.23451,76.05001
AREAKODE,11.21602,76.00365,11.21405,75.98621
AREAKODE,11.21626,76.14128,11.19691,76.06502
AREAKODE,11.19668,76.06388,11.24891,76.02349
AREAKODE,11.25012,76.02282,11.17896,76.00269
AREAKODE,11.17775,76.00238,11.15839,76.06194
AREAKODE,11.15822,76.06046,11.24770,76.05003
AREAKODE,11.24806,76.05053,11.19921,75.98194
KALIKAVU,11.24429,76.30436,11.24395,76.29854
KALIKAVU,11.22129,76.33374,11.22696,76.32876
KALIKAVU,11.07500,76.28130,11.07440,76.28880
KALIKAVU,11.16892,76.31968,11.17090,76.31856
KALIKAVU,11.28745,76.29624,11.28397,76.29669
KALIKAVU,11.11942,76.33596,11.12494,76.33796
KALIKAVU,11.11197,76.28370,11.11511,76.28483
KONDOTTY,11.17364,75.91762,11.17217,75.91782
KONDOTTY,11.15210,75.95867,11.15226,75.95562
KONDOTTY,11.18991,75.96725,11.14230,75.97252
KONDOTTY,11.14245,75.97062,11.16944,75.92659
KONDOTTY,11.16906,75.92687,11.24625,75.95168
KONDOTTY,11.24786,75.94901,11.20720,75.87699
KUTTIPPURAM,10.90447,76.09793,10.92246,76.03389
KUTTIPPURAM,10.87879,76.10117,10.90492,76.09740
KUTTIPPURAM,10.93471,75.99635,10.87335,76.10110
KUTTIPPURAM,10.84640,76.03554,10.84720,76.03615
KUTTIPPURAM,10.94155,76.04190,10.95096,76.03405
KUTTIPPURAM,10.89062,76.07004,10.89034,76.07048
MALAPPURAM,11.08692,76.12160,11.08944,76.12028
MALAPPURAM,11.02285,76.06818,11.00100,76.05658
MALAPPURAM,11.13386,76.01503,11.10485,76.05910
MALAPPURAM,11.02591,76.02869,11.06325,76.01538
MALAPPURAM,10.99892,76.05711,11.05027,75.98460
MANKADA,11.06104,76.12569,11.01986,76.07394
MANKADA,10.98537,76.10853,11.05641,76.10925
MANKADA,11.03696,76.16074,10.98598,76.10785
MANKADA,10.92366,76.12890,11.01833,76.12084
MANKADA,10.97742,76.15704,11.03728,76.16072
MANKADA,11.02146,76.11942,10.92719,76.13337
NILAMBUR,11.31171,76.20845,11.31370,76.20585
NILAMBUR,11.33473,76.27581,11.33632,76.27695
NILAMBUR,11.35898,76.30693,11.35940,76.30699
NILAMBUR,11.32626,76.33222,11.32565,76.33190
NILAMBUR,11.40253,76.25309,11.40444,76.25147
NILAMBUR,11.37649,76.33717,11.38054,76.34153
PERINTHALMANNA,10.93323,76.28060,10.93523,76.27051
PERINTHALMANNA,10.97788,76.20449,10.97175,76.20081
PERINTHALMANNA,10.91187,76.22491,10.90948,76.22588
PERINTHALMANNA,11.05339,76.28102,11.05308,76.23134
PERINTHALMANNA,10.90175,76.19556,11.05947,76.27488
PERINTHALMANNA,10.95376,76.32110,10.95385,76.31938
PERINTHALMANNA,11.01930,76.28375,11.01873,76.27933
PERUMPADAPPU,10.73787,76.02896,10.73668,76.02954
PERUMPADAPPU,10.74031,75.97298,10.73373,75.97512
PERUMPADAPPU,10.71776,76.01959,10.71654,76.01787
PERUMPADAPPU,10.70199,75.98261,10.69930,75.98876
PERUMPADAPPU,10.72122,75.97665,10.72530,75.97798
PONNANI,10.78547,76.00436,10.78586,76.00160
PONNANI,10.82783,75.99415,10.82694,75.99072
PONNANI,10.83662,75.99297,10.84124,75.99414
PONNANI,10.78569,76.02469,10.78270,76.02345
TANUR,10.95342,75.94628,10.93853,75.99082
TANUR,10.98151,75.90471,10.94902,75.94813
TANUR,10.94534,75.94107,10.92581,75.90057
TANUR,10.95140,75.91322,10.98073,75.91859
TANUR,10.94001,75.97549,10.98209,75.97800
TANUR,10.98223,75.87536,10.95342,75.94628
TIRUR,10.84882,75.92208,10.84954,75.92126
TIRUR,10.88306,75.93137,10.81569,75.92442
TIRUR,10.84941,75.94177,10.88450,75.93237
TIRUR,10.88654,75.89522,10.86509,75.98213
TIRURANGADI,11.08015,75.90232,11.08070,75.90207
TIRURANGADI,11.01117,75.92357,11.01015,75.92390
TIRURANGADI,11.04540,75.86015,11.04806,75.85901
TIRURANGADI,11.10529,75.92574,11.10579,75.92785
TIRURANGADI,11.11902,75.89346,11.11903,75.89312
TIRURANGADI,11.03976,75.91185,11.04349,75.92232
TIRURANGADI,11.16443,75.87718,11.12051,75.84644
VENGARA,11.06758,75.94071,11.02697,76.03084
VENGARA,10.99103,75.97918,11.07124,75.93549
VENGARA,11.08242,75.97076,10.99363,75.97940
VENGARA,11.01380,75.99467,11.07899,75.97633
VENGARA,10.99387,75.98051,11.01364,75.99167
VENGARA,11.05150,75.98678,10.99671,75.96000
WANDOOR,11.23770,76.20597,11.21528,76.13942
WANDOOR,11.12684,76.23354,11.24487,76.18154
WANDOOR,11.16205,76.22853,11.09562,76.22250
WANDOOR,11.20114,76.17944,11.16296,76.23030
WANDOOR,11.16553,76.13139,11.19982,76.17777
WANDOOR,11.19521,76.23995,11.16295,76.12907
ALATHUR,10.64857,76.54400,10.64430,76.54782
ALATHUR,10.64687,76.56360,10.64693,76.56622
ALATHUR,10.61593,76.47050,10.61698,76.46122
ALATHUR,10.66210,76.52010,10.65528,76.51208
ALATHUR,10.57735,76.48932,10.57352,76.49622
ALATHUR,10.63407,76.45025,10.63398,76.45028
ALATHUR,10.67052,76.48093,10.67113,76.47267
ALATHUR,10.59612,76.48673,10.59213,76.48315
ALATHUR,10.58885,76.51685,10.58715,76.51865
ATTAPPADI,11.10409,76.65326,11.11303,76.65425
ATTAPPADI,11.15645,76.64495,11.15383,76.64457
ATTAPPADI,11.11695,76.74652,11.11773,76.74632
CHITTUR,10.64945,76.74292,10.64983,76.73800
CHITTUR,10.73100,76.78725,10.73018,76.78632
CHITTUR,10.73795,76.83111,10.80937,76.84603
CHITTUR,10.64943,76.76323,10.73580,76.86198
KOLLENGODE,10.61338,76.69138,10.68858,76.65675
KOLLENGODE,10.60672,76.76097,10.61338,76.69138
KOLLENGODE,10.64337,76.69355,10.60670,76.76192
KUZHALMANNAM,10.72721,76.65488,10.73057,76.64022
KUZHALMANNAM,10.76600,76.54355,10.76558,76.54353
KUZHALMANNAM,10.71972,76.60111,10.73255,76.54420
KUZHALMANNAM,10.73917,76.57548,10.71010,76.58950
KUZHALMANNAM,10.75314,76.48145,10.74085,76.57273
MALAMPUZHA,10.81150,76.64328,10.81540,76.65095
MALAMPUZHA,10.75813,76.75055,10.75799,76.75195
MALAMPUZHA,10.82164,76.66762,10.82207,76.66835
MALAMPUZHA,10.78735,76.67190,10.78448,76.67552
MALAMPUZHA,10.69848,76.68710,10.69630,76.68843
MALAMPUZHA,10.72988,76.73312,10.73102,76.73013
MALAMPUZHA,10.80315,76.62253,10.80383,76.62163
MALAMPUZHA,10.79634,76.74055,10.79747,76.76468
MANNARKAD,11.01083,76.34433,11.00348,76.51288
MANNARKAD,11.00363,76.51067,10.93815,76.50642
MANNARKAD,10.93367,76.50243,10.91005,76.52693
MANNARKAD,10.99688,76.39300,10.99615,76.39265
MANNARKAD,10.98988,76.44017,10.98685,76.43212
MANNARKAD,10.95805,76.50945,10.99153,76.45460
MANNARKAD,10.95907,76.35627,10.96103,76.50538
NEMMARA,10.60672,76.56047,10.57877,76.57338
NEMMARA,10.59352,76.60015,10.60383,76.64447
NEMMARA,10.63350,76.65827,10.60793,76.56205
OTTAPPALAM,10.82667,76.34805,10.82950,76.34515
OTTAPPALAM,10.83777,76.31083,10.83700,76.30822
OTTAPPALAM,10.78215,76.32482,10.77878,76.32368
OTTAPPALAM,10.83263,76.41618,10.83235,76.41638
OTTAPPALAM,10.77928,76.44303,10.77733,76.44423
PALAKKAD,10.82453,76.49682,10.82732,76.49823
PALAKKAD,10.74465,76.69363,10.74810,76.69015
PALAKKAD,10.78333,76.49973,10.85887,76.51457
PALAKKAD,10.80113,76.47687,10.78991,76.50003
PALAKKAD,10.83723,76.57888,10.80205,76.47372
PALAKKAD,10.79023,76.55862,10.83816,76.58007
PALAKKAD,10.76928,76.60810,10.79665,76.56263
PATTAMBI,10.86805,76.18888,10.86393,76.18620
PATTAMBI,10.86417,76.23193,10.86468,76.23197
PATTAMBI,10.83190,76.15652,10.82812,76.15260
PATTAMBI,10.86333,76.27860,10.86395,76.27698
PATTAMBI,10.80250,76.22027,10.80388,76.21967
PATTAMBI,10.80269,76.18125,10.84042,76.11207
PATTAMBI,10.87115,76.13978,10.80273,76.18155
PATTAMBI,10.84070,76.25278,10.87210,76.13702
PATTAMBI,10.88473,76.18903,10.83552,76.25263
SREEKRISHNAPURAM,10.88145,76.31020,10.87850,76.31293
SREEKRISHNAPURAM,10.87132,76.47177,10.87017,76.46523
SREEKRISHNAPURAM,10.92107,76.41888,10.92107,76.41880
SREEKRISHNAPURAM,10.86173,76.39157,10.85952,76.39148
SREEKRISHNAPURAM,10.90247,76.40613,10.90542,76.40895
SREEKRISHNAPURAM,10.85000,76.34417,10.84650,76.34355
SREEKRISHNAPURAM,10.88730,76.36620,10.88723,76.36565
TRITHALA,10.82995,76.05392,10.83102,76.04885
TRITHALA,10.73443,76.09250,10.73765,76.08827
TRITHALA,10.79282,76.05892,10.78777,76.05680
TRITHALA,10.76167,76.12055,10.76042,76.12202
TRITHALA,10.79342,76.09372,10.79238,76.09295
TRITHALA,10.73333,76.16252,10.74570,76.15870
TRITHALA,10.80103,76.12392,10.80323,76.12878
ELANTHOOR,9.34581,76.74527,9.34335,76.75401
ELANTHOOR,9.29192,76.72546,9.29070,76.72077
ELANTHOOR,9.33978,76.71040,9.33780,76.70513
ELANTHOOR,9.31342,76.75542,9.31445,76.75433
KOIPURAM,9.35214,76.72750,9.35118,76.72775
KOIPURAM,9.36569,76.62821,9.36699,76.62885
KOIPURAM,9.39662,76.68227,9.39650,76.68265
KOIPURAM,9.33855,76.69592,9.35470,76.67751
KONNI,9.20782,76.87371,9.20997,76.87270
KONNI,9.22805,76.85166,9.22781,76.85139
KONNI,9.28851,76.82664,9.28852,76.82255
KONNI,9.28847,76.79772,9.29082,76.79815
KONNI,9.23209,76.80195,9.22712,76.81722
KONNI,9.26331,76.92647,9.27296,76.92849
KONNI,9.22723,76.78145,9.22102,76.78065
MALLAPPALLY,9.40267,76.74273,9.47142,76.66988
MALLAPPALLY,9.45436,76.71637,9.40247,76.74334
MALLAPPALLY,9.44291,76.65518,9.45292,76.72483
PANDLAM,9.32176,76.66808,9.32002,76.66737
PANDLAM,9.24222,76.67242,9.24297,76.67232
PANDLAM,9.27539,76.70187,9.26911,76.70175
PANDLAM,9.22218,76.67810,9.22457,76.67755
PANDLAM,9.19710,76.73463,9.19581,76.73534
PANDLAM,9.21652,76.71355,9.21671,76.71363
PULIKEEZHU,9.35940,76.58797,9.35947,76.58804
PULIKEEZHU,9.33435,76.53435,9.33887,76.53406
PULIKEEZHU,9.34179,76.51302,9.34181,76.51288
PULIKEEZHU,9.36665,76.54551,9.36653,76.54506
PULIKEEZHU,9.43511,76.61006,9.37941,76.54579
RANNI,9.33013,76.92513,9.33020,76.92663
RANNI,9.41343,76.85101,9.38708,76.84328
RANNI,9.37652,76.77890,9.37651,76.77890
RANNI,9.37997,76.77429,9.38360,76.77983
RANNI,9.38565,76.78664,9.38621,76.78680
RANNI,9.36779,76.85521,9.36779,76.85527
RANNI,9.32951,76.97100,9.32635,76.96842
RANNI,9.43143,76.85138,9.34019,76.82875
ATHIYANNOOR,8.39648,77.05500,8.39361,77.06374
ATHIYANNOOR,8.36032,77.05590,8.35524,77.04750
ATHIYANNOOR,8.33460,77.04842,8.33785,77.04955
ATHIYANNOOR,8.37262,77.02448,8.38201,77.01841
ATHIYANNOOR,8.40398,77.01336,8.40319,77.01282
CHIRAYINKEEZHU,8.68126,76.77037,8.66885,76.75894
CHIRAYINKEEZHU,8.63589,76.81067,8.62628,76.81333
CHIRAYINKEEZHU,8.66184,76.78740,8.66066,76.78620
CHIRAYINKEEZHU,8.68125,76.77024,8.68297,76.77085
CHIRAYINKEEZHU,8.66202,76.81115,8.66335,76.80969
CHIRAYINKEEZHU,8.69043,76.85831,8.68740,76.86545
KILIMANOOR,8.77296,76.85555,8.75256,76.81412
KILIMANOOR,8.75519,76.85855,8.77314,76.85773
KILIMANOOR,8.77939,76.78680,8.82412,76.82035
KILIMANOOR,8.82397,76.80923,8.75511,76.85786
KILIMANOOR,8.76610,76.87505,8.77622,76.78607
NEDUMANGAD,8.63043,77.00744,8.63333,77.00938
NEDUMANGAD,8.57023,77.01529,8.57071,77.01521
NEDUMANGAD,8.56188,76.98213,8.56273,76.98341
NEDUMANGAD,8.66136,76.98683,8.66058,76.98782
NEDUMANGAD,8.63331,76.93858,8.61790,76.93704
NEMOM,8.42700,77.04227,8.42806,77.04733
NEMOM,8.48675,77.03608,8.43165,77.01366
NEMOM,8.47185,77.07237,8.48860,77.03773
NEMOM,8.51649,77.02136,8.46812,77.07401
NEMOM,8.49161,77.02186,8.43340,77.02853
PARASSALA,8.38013,77.11984,8.37716,77.12109
PARASSALA,8.34178,77.11217,8.32140,77.11084
PARASSALA,8.34475,77.15828,8.31572,77.09284
PARASSALA,8.31850,77.07060,8.34473,77.15829
PARASSALA,8.36194,77.07956,8.31975,77.06972
PERUMKADAVILA,8.50595,77.19093,8.50519,77.18776
PERUMKADAVILA,8.46888,77.12761,8.47228,77.12808
PERUMKADAVILA,8.53173,77.12726,8.53513,77.13666
PERUMKADAVILA,8.49119,77.12288,8.38583,77.13351
PERUMKADAVILA,8.43675,77.10797,8.38838,77.17084
PERUMKADAVILA,8.43101,77.19688,8.49131,77.12569
POTHENCODE,8.58845,76.85200,8.58773,76.85486
POTHENCODE,8.62369,76.84869,8.57139,76.84815
VAMANAPURAM,8.75015,76.93893,8.75130,76.93941
VAMANAPURAM,8.66153,76.91781,8.65784,76.92017
VAMANAPURAM,8.70214,77.02774,8.69886,77.02618
VAMANAPURAM,8.76540,76.96178,8.67767,76.91020
VAMANAPURAM,8.72460,77.04277,8.76422,76.96401
VAMANAPURAM,8.67988,76.94135,8.72739,77.04381
VARKALA,8.72657,76.75316,8.76726,76.75368
VARKALA,8.76448,76.69619,8.72356,76.75894
VARKALA,8.77654,76.72507,8.76422,76.69633
VARKALA,8.71956,76.77935,8.77390,76.72514
VELLANAD,8.58444,77.08649,8.58528,77.08888
VELLANAD,8.50785,77.08140,8.50803,77.08363
VELLANAD,8.56609,77.09978,8.56972,77.10417
VELLANAD,8.53611,77.08671,8.53262,77.08671
VELLANAD,8.56407,77.05443,8.64759,77.05618
VELLANAD,8.67094,77.08249,8.60611,77.05028
ANTHIKKAD,10.45776,76.12148,10.45997,76.12322
ANTHIKKAD,10.49752,76.14862,10.41208,76.16138
ANTHIKKAD,10.41113,76.16656,10.47460,76.10773
ANTHIKKAD,10.47465,76.10223,10.41338,76.12171
CHALAKKUDY,10.27006,76.31106,10.29517,76.48159
CHALAKKUDY,10.26443,76.35054,10.26990,76.31205
CHALAKKUDY,10.29366,76.35292,10.35655,76.41227
CHALAKKUDY,10.31990,76.37068,10.26216,76.35200
CHAVAKKAD,10.53802,76.02918,10.53786,76.02798
CHAVAKKAD,10.59316,76.02916,10.56258,76.03278
CHAVAKKAD,10.66179,76.00361,10.63877,75.99359
CHAVAKKAD,10.67167,75.99759,10.67384,75.99490
CHAVAKKAD,10.64106,76.01530,10.64367,76.01289
CHERPU,10.46943,76.22971,10.46827,76.23029
CHERPU,10.44501,76.21338,10.43792,76.21076
CHERPU,10.46627,76.18485,10.45803,76.19195
CHERPU,10.44213,76.21715,10.43877,76.23469
CHOWANNUR,10.61846,76.11991,10.61834,76.12098
CHOWANNUR,10.67720,76.12173,10.65990,76.08795
CHOWANNUR,10.69409,76.08765,10.69544,76.09135
CHOWANNUR,10.60183,76.09158,10.59782,76.09263
CHOWANNUR,10.68718,76.04407,10.68729,76.05043
CHOWANNUR,10.64005,76.15762,10.65355,76.06962
IRINJALAKKUDA,10.36834,76.26531,10.40250,76.19592
IRINJALAKKUDA,10.40385,76.27546,10.36816,76.26508
KODAKARA,10.43490,76.27979,10.43273,76.26624
KODAKARA,10.37104,76.30355,10.37564,76.30707
KODAKARA,10.37610,76.36214,10.37685,76.36636
KODAKARA,10.44627,76.25942,10.44594,76.26014
KODAKARA,10.42506,76.26807,10.42350,76.26943
KODAKARA,10.45227,76.28473,10.45105,76.28467
KODAKARA,10.42091,76.33296,10.42437,76.33021
MALA,10.21219,76.29044,10.34162,76.29211
MALA,10.24037,76.26620,10.23411,76.32973
MALA,10.21235,76.26535,10.21153,76.29565
MALA,10.34143,76.28191,10.24238,76.26380
MATHILAKAM,10.38142,76.14832,10.37698,76.14570
MATHILAKAM,10.24038,76.16947,10.22781,76.17290
MATHILAKAM,10.33934,76.13606,10.21117,76.16506
MATHILAKAM,10.28929,76.16804,10.33765,76.14715
MATHILAKAM,10.31326,76.14857,10.28589,76.17023
MATHILAKAM,10.26418,76.17999,10.31931,76.14690
MULLASSERY,10.57403,76.07619,10.57006,76.07937
MULLASSERY,10.53240,76.08527,10.53172,76.08655
MULLASSERY,10.56594,76.06178,10.56501,76.06029
MULLASSERY,10.51927,76.09134,10.51957,76.09140
OLLUKKARA,10.50610,76.27901,10.56665,76.24802
OLLUKKARA,10.55807,76.33169,10.50610,76.27837
OLLUKKARA,10.49044,76.27802,10.55610,76.32765
PAZHAYANNUR,10.69473,76.33460,10.69566,76.33099
PAZHAYANNUR,10.72184,76.30462,10.72455,76.39827
PAZHAYANNUR,10.68819,76.42315,10.72067,76.30563
PAZHAYANNUR,10.73305,76.42901,10.68825,76.42346
PAZHAYANNUR,10.74908,76.27620,10.73333,76.42834
PUZHAKKAL,10.55216,76.17409,10.49788,76.14639
PUZHAKKAL,10.60811,76.17619,10.55297,76.16642
PUZHAKKAL,10.59185,76.15455,10.60343,76.19337
PUZHAKKAL,10.58703,76.21492,10.59203,76.15466
PUZHAKKAL,10.56389,76.12225,10.58494,76.21544
THALIKKULAM,10.50350,76.06097,10.50226,76.06205
THALIKKULAM,10.41594,76.11045,10.41433,76.11137
THALIKKULAM,10.44122,76.09404,10.43987,76.09488
THALIKKULAM,10.46409,76.08349,10.46913,76.08116
THALIKKULAM,10.40533,76.11089,10.40533,76.11089
VELLANGALLUR,10.29972,76.19164,10.32374,76.17911
VELLANGALLUR,10.30075,76.19677,10.30434,76.19260
VELLANGALLUR,10.26815,76.24142,10.26546,76.23811
VELLANGALLUR,10.28607,76.21475,10.28349,76.21339
VELLANGALLUR,10.31479,76.23787,10.31774,76.24044
WADAKKANCHERY,10.74956,76.22063,10.67491,76.11681
WADAKKANCHERY,10.68246,76.18352,10.63982,76.15685
WADAKKANCHERY,10.70440,76.27162,10.75452,76.23419
WADAKKANCHERY,10.63725,76.21299,10.68193,76.18554
WADAKKANCHERY,10.63634,76.27401,10.70523,76.27016
WADAKKANCHERY,10.71477,76.21426,10.63762,76.21242
WADAKKANCHERY,10.66080,76.24640,10.63567,76.27301
KALPETTA,11.55662,76.03893,11.55710,76.03877
KALPETTA,11.61832,76.03229,11.63176,76.03294
KALPETTA,11.63661,76.00539,11.63803,76.00835
KALPETTA,11.64279,76.11126,11.58318,76.01786
KALPETTA,11.56397,76.12762,11.64276,76.11034
KALPETTA,11.67737,75.97658,11.55952,76.13119
KALPETTA,11.55714,76.22334,11.67927,76.02340
MANANTHAVADY,11.80351,76.00072,11.77686,75.97640
MANANTHAVADY,11.84779,76.06280,11.80191,76.00266
MANANTHAVADY,11.73360,75.95621,11.84199,75.94897
MANANTHAVADY,11.74328,75.88355,11.84909,76.06642
PANAMARAM,11.69712,76.08088,11.81699,76.16429
PANAMARAM,11.81988,76.16587,11.72365,76.15318
PANAMARAM,11.72350,76.15310,11.78978,76.16621
SULTHAN BATHERY,11.62044,76.21124,11.55704,76.22414
SULTHAN BATHERY,11.65546,76.15806,11.62247,76.21137
SULTHAN BATHERY,11.63072,76.27737,11.65933,76.16125
SULTHAN BATHERY,11.66852,76.31422,11.63470,76.27756
SULTHAN BATHERY,11.66053,76.24946,11.66815,76.31380