FPOI BLOCk,LAT,LONG,LAT1,LONG1
ASWAPURAM,17.835479,80.835243,17.86651,80.86391
ASWAPURAM,17.768623,80.858506,17.83727,80.82645
ASWAPURAM,17.768912,80.833082,17.80937,80.87002
ASWAPURAM,17.814970,80.830945,17.82232,80.82717
ASWAPURAM,17.821052,80.828387,17.81216,80.79163
ASWAPURAM,17.821330,80.829447,17.86121,80.83018
ASWAPURAM,17.836830,80.835503,17.76642,80.84030
ASWAPURAM,17.841257,80.846566,17.88868,80.83104
ASWAPURAM,17.869763,80.830084,17.76835,80.83373
ASWARAOPETA,17.386942,81.113780,17.27298,81.04623
ASWARAOPETA,17.386777,81.114728,17.35896,81.19435
ASWARAOPETA,17.238164,81.127616,17.38660,81.11470
ASWARAOPETA,17.243304,81.124173,17.24290,81.13251
ASWARAOPETA,17.249437,81.045743,17.40964,81.17317
ASWARAOPETA,17.251233,81.081598,0.00000,0.00000
ASWARAOPETA,17.286250,81.119657,17.30278,81.07836
ASWARAOPETA,17.289208,81.119406,17.33002,81.23894
ASWARAOPETA,17.301797,81.081485,17.37481,81.26345
ASWARAOPETA,17.315830,81.185300,17.38240,81.09386
ASWARAOPETA,17.330018,81.238939,17.45581,81.12726
ASWARAOPETA,17.382206,81.093901,17.26264,81.08339
ASWARAOPETA,17.382712,81.065974,17.38720,81.15194
ASWARAOPETA,17.387370,81.151790,17.28921,81.11941
ASWARAOPETA,17.391417,81.111639,17.24336,81.12058
ASWARAOPETA,17.453830,81.124747,17.38291,81.06591
BAYYARAM,17.561812,80.148294,17.60948,80.09016
BAYYARAM,17.573130,80.104555,17.57503,80.10564
BAYYARAM,17.575027,80.105636,17.62898,80.07190
BAYYARAM,17.580506,80.107303,17.60332,80.13766
BAYYARAM,17.589972,80.093797,17.65815,80.19342
BAYYARAM,17.595878,80.083050,17.61649,80.16969
BAYYARAM,17.603324,80.137664,17.55762,80.14565
BAYYARAM,17.606955,80.121613,17.53637,80.11206
BAYYARAM,17.609481,80.090155,17.65043,80.13062
BAYYARAM,17.616490,80.169685,17.53238,80.14826
BAYYARAM,17.654342,80.198121,17.60691,80.06363
BHADRACHALAM,17.619462,81.119477,17.66904,80.88510
BHADRACHALAM,17.631644,81.081723,17.66705,80.98704
BHADRACHALAM,17.635739,81.089312,17.63778,81.07511
BHADRACHALAM,17.637776,81.075111,17.64659,81.08128
BHADRACHALAM,17.638102,81.096838,17.66440,80.92966
BHADRACHALAM,17.647211,81.074770,17.73914,80.91419
BHADRACHALAM,17.647728,80.935735,17.65246,81.07040
BHADRACHALAM,17.648551,80.912667,17.72237,81.05202
BHADRACHALAM,17.651495,80.956739,17.62532,81.12340
BHADRACHALAM,17.659074,80.974101,17.65438,81.08924
BHADRACHALAM,17.660312,81.002153,17.63848,81.10997
BHADRACHALAM,17.665256,80.986733,17.66031,81.00215
BHADRACHALAM,17.666304,80.890867,0.00000,0.00000
BHADRACHALAM,17.667102,80.886941,17.65831,80.91349
BHADRACHALAM,17.690360,81.021855,17.68934,81.02304
BHADRACHALAM,17.712177,80.908629,17.65818,80.95545
BONAKAL,17.042524,80.310783,16.99809,80.30822
BONAKAL,17.031093,80.262307,17.02306,80.26358
BONAKAL,16.956052,80.321388,17.03309,80.34097
BONAKAL,16.981498,80.302939,17.04030,80.31825
BONAKAL,16.991176,80.330256,17.02347,80.24321
BONAKAL,17.021360,80.344074,17.02391,80.21867
BONAKAL,17.023465,80.243205,17.06072,80.26365
BONAKAL,17.030804,80.257578,16.98647,80.29804
BONAKAL,17.031540,80.262338,17.04194,80.31061
BONAKAL,17.034432,80.338040,17.02178,80.34389
BONAKAL,17.037407,80.242290,17.07641,80.27004
BONAKAL,17.037557,80.286216,16.96249,80.32626
BONAKAL,17.038587,80.316719,17.04028,80.23128
BONAKAL,17.039133,80.277706,17.03668,80.31348
BONAKAL,17.053400,80.327697,17.05156,80.30806
BONAKAL,17.060715,80.263648,17.06275,80.24326
BURGAMPAHAD,17.617565,80.778080,17.64464,80.86624
BURGAMPAHAD,17.619015,80.865376,17.62960,80.97927
BURGAMPAHAD,17.621333,80.947394,17.73522,80.86907
BURGAMPAHAD,17.622661,80.904866,17.65903,80.81218
BURGAMPAHAD,17.631004,80.808595,17.63224,80.81326
BURGAMPAHAD,17.632899,80.889033,17.67936,80.81314
BURGAMPAHAD,17.643462,80.807250,17.67071,80.85920
BURGAMPAHAD,17.643471,80.867244,17.62010,80.94413
BURGAMPAHAD,17.659609,80.810916,17.62567,80.78639
BURGAMPAHAD,17.679762,80.866328,17.68875,80.86722
BURGAMPAHAD,17.688488,80.869128,17.61902,80.86538
BURGAMPAHAD,17.689698,80.817600,17.62664,80.90147
CHANDRUGONDA,17.388163,80.642910,17.38011,80.70950
CHANDRUGONDA,17.323273,80.696305,17.37507,80.78181
CHANDRUGONDA,17.327355,80.691890,17.38792,80.64391
CHANDRUGONDA,17.328992,80.700789,17.37596,80.65997
CHANDRUGONDA,17.335913,80.720846,17.41590,80.58888
CHANDRUGONDA,17.362279,80.770066,17.32899,80.70079
CHANDRUGONDA,17.371356,80.777937,17.37825,80.62269
CHANDRUGONDA,17.375960,80.659966,17.35907,80.66367
CHANDRUGONDA,17.378508,80.747842,17.37820,80.74761
CHANDRUGONDA,17.381538,80.712824,17.34860,80.73532
CHANDRUGONDA,17.387919,80.643914,17.32327,80.69631
CHANDRUGONDA,17.388560,80.643016,17.34775,80.76645
CHANDRUGONDA,17.392309,80.582896,17.38731,80.58412
CHANDRUGONDA,17.392832,80.585325,17.39551,80.60470
CHANDRUGONDA,17.394727,80.609229,17.43556,80.59546
CHANDRUGONDA,17.414094,80.643569,17.41532,80.64467
CHINTHAKANI,17.142112,80.189928,17.15544,80.18871
CHINTHAKANI,17.158535,80.248195,17.19025,80.19240
CHINTHAKANI,17.157031,80.260029,17.15046,80.16776
CHINTHAKANI,17.123808,80.203281,17.02918,80.17773
CHINTHAKANI,17.059155,80.190261,17.12164,80.20907
CHINTHAKANI,17.059876,80.239974,17.12405,80.19210
CHINTHAKANI,17.067167,80.213089,17.19100,80.21975
CHINTHAKANI,17.080032,80.224875,17.15490,80.21720
CHINTHAKANI,17.098247,80.199385,17.10767,80.18176
CHINTHAKANI,17.107987,80.270594,17.12643,80.27874
CHINTHAKANI,17.112052,80.269088,17.06851,80.21487
CHINTHAKANI,17.113679,80.193869,17.14197,80.23339
CHINTHAKANI,17.118231,80.191322,17.14850,80.17678
CHINTHAKANI,17.124217,80.204864,17.08715,80.22776
CHINTHAKANI,17.141972,80.233392,17.10799,80.27059
CHINTHAKANI,17.142078,80.236929,17.17965,80.17417
CHINTHAKANI,17.144729,80.177078,17.05916,80.19026
CHINTHAKANI,17.146660,80.238372,17.07459,80.16796
CHINTHAKANI,17.148495,80.176777,17.20257,80.22236
DAMMAPETA,17.297751,80.919745,17.22661,81.02489
DAMMAPETA,17.239966,81.007333,17.37658,80.96415
DAMMAPETA,17.245213,80.973378,17.26617,81.01141
DAMMAPETA,17.248133,81.008846,17.30748,80.92086
DAMMAPETA,17.259032,80.932835,17.22864,80.90699
DAMMAPETA,17.263487,81.011917,17.35449,80.93851
DAMMAPETA,17.266172,81.011409,17.29195,80.99015
DAMMAPETA,17.275930,80.863312,17.29896,80.95001
DAMMAPETA,17.281075,80.878782,17.31542,81.04593
DAMMAPETA,17.282844,80.879093,17.23997,81.00733
DAMMAPETA,17.287406,80.894917,17.25778,80.94210
DAMMAPETA,17.291790,80.901135,17.29179,80.90114
DAMMAPETA,17.307476,80.920856,17.24515,80.97434
DAMMAPETA,17.308979,80.920556,17.23500,80.87698
DAMMAPETA,17.314520,81.044329,17.28108,80.87878
DAMMAPETA,17.341411,80.946563,17.34580,80.96152
DAMMAPETA,17.345798,80.961517,17.31671,81.02095
DUMMUGUDEM,17.775722,80.882715,17.85938,80.92400
DUMMUGUDEM,17.786984,81.031040,17.81622,80.96571
DUMMUGUDEM,17.790583,80.881084,17.89320,80.92324
DUMMUGUDEM,17.813702,80.893712,17.85098,80.88544
DUMMUGUDEM,17.816221,80.965708,17.82510,80.89445
DUMMUGUDEM,17.825097,80.894445,17.91422,80.95156
DUMMUGUDEM,17.825315,80.953937,17.89354,80.91323
DUMMUGUDEM,17.838304,80.923724,17.75688,81.04849
DUMMUGUDEM,17.844791,80.898951,17.84479,80.89895
DUMMUGUDEM,17.844938,80.898761,17.83830,80.92372
DUMMUGUDEM,17.851475,80.899612,17.78698,81.03104
DUMMUGUDEM,17.859554,80.900490,17.80980,80.90364
DUMMUGUDEM,17.870551,80.904445,17.77572,80.88272
DUMMUGUDEM,17.893252,80.918877,17.91228,80.96903
DUMMUGUDEM,17.902772,80.929368,17.93121,80.89651
DUMMUGUDEM,17.905586,80.920024,17.83728,80.97694
DUMMUGUDEM,17.914219,80.951564,17.90277,80.92937
ENKOOR,17.321108,80.437646,17.32351,80.37857
ENKOOR,17.259321,80.426412,17.34443,80.44798
ENKOOR,17.314196,80.405168,17.36226,80.39918
ENKOOR,17.331948,80.458921,17.32999,80.44076
ENKOOR,17.332058,80.438503,17.30649,80.39885
ENKOOR,17.332776,80.480873,17.36637,80.42533
ENKOOR,17.333936,80.388901,17.33306,80.48082
ENKOOR,17.336186,80.442489,17.26634,80.39688
ENKOOR,17.338887,80.430898,17.37229,80.37283
ENKOOR,17.340821,80.428672,17.36694,80.34049
ENKOOR,17.348693,80.397382,17.33153,80.45886
ENKOOR,17.356805,80.397403,17.33394,80.38890
ENKOOR,17.372290,80.372825,17.37453,80.36635
ENKOOR,17.374528,80.366354,17.34091,80.42766
GARLA,17.455389,80.187707,17.45463,80.13576
GARLA,17.471759,80.162986,17.48656,80.14020
GARLA,17.467980,80.206591,17.49588,80.16492
GARLA,17.486170,80.139435,17.47099,80.16253
GARLA,17.452024,80.185246,17.48039,80.20413
GARLA,17.469317,80.145298,17.45232,80.18540
GARLA,17.486557,80.140196,17.49328,80.12689
GARLA,17.486780,80.142591,17.52028,80.16664
JULURUPADU,17.381386,80.474891,17.39476,80.53760
JULURUPADU,17.394378,80.538427,17.45850,80.49825
JULURUPADU,17.394493,80.524013,17.39519,80.52069
JULURUPADU,17.406886,80.504649,17.40642,80.49993
JULURUPADU,17.408288,80.501078,17.42523,80.54967
JULURUPADU,17.427916,80.545418,17.47091,80.53313
JULURUPADU,17.447229,80.527094,17.46596,80.54861
JULURUPADU,17.449033,80.528435,17.44955,80.55007
JULURUPADU,17.465964,80.548609,17.45582,80.53383
JULURUPADU,17.466915,80.551142,17.44452,80.52516
KALLUR,17.174141,80.534113,17.23239,80.58406
KALLUR,17.058415,80.451637,17.16909,80.55290
KALLUR,17.068897,80.472701,17.12587,80.49437
KALLUR,17.084845,80.455993,17.05806,80.45190
KALLUR,17.100342,80.464383,17.19925,80.54474
KALLUR,17.127601,80.491726,17.18237,80.59299
KALLUR,17.127857,80.493690,17.24292,80.55822
KALLUR,17.136081,80.527946,17.15445,80.51327
KALLUR,17.136578,80.527926,17.15430,80.59470
KALLUR,17.148379,80.484237,17.16840,80.49838
KALLUR,17.154452,80.513267,17.18885,80.58007
KALLUR,17.154751,80.513154,17.17857,80.51373
KALLUR,17.159499,80.590002,17.10395,80.46746
KALLUR,17.172289,80.578219,17.17231,80.58397
KALLUR,17.183791,80.593279,17.08405,80.45723
KALLUR,17.200180,80.549286,17.14633,80.55867
KALLUR,17.200352,80.598608,17.08067,80.42778
KALLUR,17.200365,80.569652,17.06890,80.47270
KALLUR,17.200440,80.599078,17.17414,80.53411
KALLUR,17.217897,80.565636,17.07712,80.50327
KAMEPALLY,17.457602,80.295903,17.36835,80.29197
KAMEPALLY,17.456584,80.269161,17.42155,80.29255
KAMEPALLY,17.451655,80.267413,17.39810,80.16366
KAMEPALLY,17.408238,80.245427,17.42110,80.21993
KAMEPALLY,17.375082,80.232938,17.40121,80.26920
KAMEPALLY,17.394208,80.263486,17.44974,80.28305
KAMEPALLY,17.396728,80.267257,17.38156,80.22417
KAMEPALLY,17.400910,80.292952,17.41762,80.24162
KAMEPALLY,17.416602,80.191691,17.39374,80.32163
KAMEPALLY,17.420928,80.241044,17.39421,80.26349
KAMEPALLY,17.421101,80.219932,17.43592,80.21381
KAMEPALLY,17.422241,80.299049,17.43704,80.24313
KAMEPALLY,17.422623,80.231439,17.45881,80.24162
KAMEPALLY,17.449741,80.283053,17.42555,80.18381
KAMEPALLY,17.450605,80.286648,17.38788,80.25611
KAMEPALLY,17.453783,80.268135,17.45126,80.26353
KAMEPALLY,17.457274,80.297225,17.45727,80.29723
KHAMMAM,17.312799,80.234952,17.35933,80.22597
KHAMMAM,17.234389,80.234334,17.34933,80.20176
KHAMMAM,17.247488,80.151424,17.29337,80.24377
KHAMMAM,17.202569,80.222362,17.32604,80.27187
KHAMMAM,17.241381,80.224113,17.34796,80.18510
KHAMMAM,17.243673,80.214002,17.31698,80.18639
KHAMMAM,17.269285,80.236268,17.31202,80.23266
KHAMMAM,17.293368,80.243769,17.34992,80.21919
KHAMMAM,17.298483,80.197908,17.33704,80.30604
KHAMMAM,17.312015,80.232664,17.37784,80.18320
KHAMMAM,17.315829,80.186640,17.28977,80.20262
KHAMMAM,17.316983,80.186385,17.33749,80.26405
KHAMMAM,17.324723,80.207426,17.31526,80.18755
KHAMMAM,17.325529,80.259638,17.32230,80.20220
KHAMMAM,17.326035,80.271874,17.24755,80.22420
KHAMMAM,17.344239,80.185384,17.27344,80.22767
KONIJERLA,17.220446,80.293317,17.22188,80.24852
KONIJERLA,17.167380,80.293183,17.19907,80.25217
KONIJERLA,17.168949,80.255363,17.15999,80.32306
KONIJERLA,17.171226,80.295753,17.19593,80.32731
KONIJERLA,17.188903,80.298143,17.28321,80.25599
KONIJERLA,17.195594,80.252717,17.17048,80.26208
KONIJERLA,17.198019,80.323891,17.18890,80.29814
KONIJERLA,17.205422,80.334507,17.27926,80.36344
KONIJERLA,17.205731,80.290885,17.22251,80.35653
KONIJERLA,17.220040,80.293294,17.15106,80.26053
KONIJERLA,17.221807,80.250701,17.14864,80.30274
KONIJERLA,17.221816,80.293457,17.22182,80.29346
KONIJERLA,17.230979,80.259572,17.21757,80.32777
KONIJERLA,17.232503,80.337485,17.20573,80.29089
KONIJERLA,17.239580,80.259968,17.24261,80.32014
KONIJERLA,17.242609,80.320137,17.19802,80.32389
KONIJERLA,17.244156,80.345351,17.16967,80.29623
KONIJERLA,17.250862,80.350230,17.27657,80.30710
KONIJERLA,17.279058,80.363308,17.25932,80.33033
KOTHAGUDEM,17.528105,80.585931,17.51381,80.64307
KOTHAGUDEM,17.456863,80.670283,17.57766,80.58290
KOTHAGUDEM,17.480800,80.567983,17.75275,80.60180
KOTHAGUDEM,17.482137,80.658606,17.80388,80.62356
KOTHAGUDEM,17.482999,80.580477,17.55488,80.64375
KOTHAGUDEM,17.483657,80.572622,17.53545,80.61300
KOTHAGUDEM,17.483757,80.569729,17.50109,80.62115
KOTHAGUDEM,17.518599,80.637470,17.56069,80.59642
KOTHAGUDEM,17.521320,80.633538,17.56503,80.62715
KOTHAGUDEM,17.527695,80.586079,17.71121,80.61034
KOTHAGUDEM,17.533297,80.608054,17.52361,80.56466
KOTHAGUDEM,17.540789,80.625626,17.46073,80.67245
KOTHAGUDEM,17.565025,80.627148,17.53837,80.65410
KOTHAGUDEM,17.578093,80.634957,17.45905,80.58031
KOTHAGUDEM,17.582404,80.647431,17.62315,80.63615
KOTHAGUDEM,17.623335,80.634368,17.48388,80.65118
KOTHAGUDEM,17.709188,80.607963,17.52770,80.58608
KUSUMANCHI,17.148470,79.940577,17.17653,79.90459
KUSUMANCHI,17.156688,79.952000,17.25458,80.00409
KUSUMANCHI,17.158563,79.952118,17.27706,79.91891
KUSUMANCHI,17.171412,79.971275,17.15490,79.90967
KUSUMANCHI,17.174878,79.898415,17.27588,79.89854
KUSUMANCHI,17.182284,79.958668,17.20538,79.95832
KUSUMANCHI,17.195792,79.939156,17.18487,79.95715
KUSUMANCHI,17.197080,79.959333,17.16179,79.93700
KUSUMANCHI,17.198230,79.895048,17.20974,79.94304
KUSUMANCHI,17.202246,79.979142,17.13130,79.95671
KUSUMANCHI,17.206382,79.980656,17.23497,80.00868
KUSUMANCHI,17.209739,79.943036,17.19579,79.93916
KUSUMANCHI,17.211416,79.926539,17.25526,79.95385
KUSUMANCHI,17.216707,79.983647,17.20212,79.97939
KUSUMANCHI,17.222848,79.954152,17.23233,79.90760
KUSUMANCHI,17.225143,79.962450,17.22862,79.95438
KUSUMANCHI,17.228618,79.954376,17.21815,79.98706
KUSUMANCHI,17.230169,80.033381,17.18233,79.92671
KUSUMANCHI,17.234376,79.996768,17.16351,79.97180
KUSUMANCHI,17.238440,79.964225,17.20785,80.03217
KUSUMANCHI,17.253135,80.004056,17.26406,79.98987
KUSUMANCHI,17.254847,79.942902,17.19715,79.89188
KUSUMANCHI,17.255262,79.953847,17.25599,79.92478
KUSUMANCHI,17.255991,79.924777,17.20212,79.99677
KUSUMANCHI,17.272164,79.918407,17.20727,79.92271
MADHIRA,16.976588,80.436563,16.94169,80.31652
MADHIRA,16.965221,80.418307,16.94983,80.37327
MADHIRA,16.923319,80.365533,16.83615,80.38498
MADHIRA,16.920585,80.421557,16.88778,80.40093
MADHIRA,16.858871,80.390834,16.87888,80.33634
MADHIRA,16.867643,80.392818,16.93799,80.36479
MADHIRA,16.876478,80.332920,16.86781,80.37185
MADHIRA,16.877131,80.365238,17.05543,80.38398
MADHIRA,16.886466,80.401338,16.95456,80.38618
MADHIRA,16.887783,80.400930,16.86764,80.39282
MADHIRA,16.890857,80.399286,16.87713,80.36524
MADHIRA,16.893260,80.356244,17.03678,80.36045
MADHIRA,16.893627,80.358645,16.94616,80.41306
MADHIRA,16.933703,80.365082,16.93848,80.41282
MADHIRA,16.937988,80.364793,16.96545,80.36752
MADHIRA,16.938038,80.415928,16.94003,80.43017
MADHIRA,16.938760,80.413928,16.94738,80.35385
MADHIRA,16.940030,80.430172,16.92045,80.42014
MADHIRA,16.940809,80.413675,16.89280,80.35367
MADHIRA,16.944504,80.412950,16.93345,80.45335
MADHIRA,16.950175,80.373531,16.99906,80.35756
MADHIRA,16.954155,80.391760,16.85337,80.41950
MADHIRA,16.965576,80.367215,16.97082,80.34399
MUDIGONDA,17.013606,80.115170,17.10097,80.14343
MUDIGONDA,17.054918,80.121334,17.05935,80.12310
MUDIGONDA,17.071238,80.152472,17.14382,80.11052
MUDIGONDA,17.094251,80.128356,17.07324,80.14920
MUDIGONDA,17.110976,80.149919,17.14891,80.06752
MUDIGONDA,17.118672,80.108256,17.08741,80.12637
MUDIGONDA,17.121269,80.137470,17.17498,80.03781
MUDIGONDA,17.124341,80.133418,17.17382,80.12154
MUDIGONDA,17.143821,80.110521,17.18263,80.02049
MUDIGONDA,17.148905,80.067519,17.11739,80.11685
MUDIGONDA,17.151082,80.068836,17.00751,80.14119
MUDIGONDA,17.158259,80.115414,17.17286,80.06875
MUDIGONDA,17.168333,80.119354,17.17902,80.09488
MUDIGONDA,17.171136,80.120983,17.12127,80.13747
MUDIGONDA,17.172864,80.068745,17.11294,80.10632
MUDIGONDA,17.173337,80.067451,17.17183,80.15504
MUDIGONDA,17.174977,80.037808,17.02248,80.15655
MUDIGONDA,17.178332,80.088309,17.16162,80.10935
MUDIGONDA,17.181453,80.091055,17.01108,80.11360
MULAKALAPALLY,17.441408,80.778619,17.42490,80.76453
MULAKALAPALLY,17.490807,80.844490,17.43631,80.86511
MULAKALAPALLY,17.502285,80.833227,17.50711,80.83425
MULAKALAPALLY,17.503632,80.829418,17.54687,80.87527
MULAKALAPALLY,17.546866,80.875268,17.54425,80.75827
NELAKONDAPALLY,17.101113,80.048391,17.14056,80.01255
NELAKONDAPALLY,17.075713,80.006631,17.10545,80.07987
NELAKONDAPALLY,16.996440,80.068208,16.99003,80.08464
NELAKONDAPALLY,17.007085,80.074368,17.14373,80.03083
NELAKONDAPALLY,17.016033,80.056559,17.06629,80.07045
NELAKONDAPALLY,17.044594,80.072350,17.09124,80.02072
NELAKONDAPALLY,17.045450,80.071402,17.01603,80.05656
NELAKONDAPALLY,17.062917,80.056333,17.12111,79.99318
NELAKONDAPALLY,17.075107,80.007054,17.04459,80.07235
NELAKONDAPALLY,17.076037,80.086666,17.14100,80.06457
NELAKONDAPALLY,17.079996,80.043215,16.98264,80.06389
NELAKONDAPALLY,17.087607,80.047525,17.12407,80.02810
NELAKONDAPALLY,17.091243,80.020719,17.12519,80.01939
NELAKONDAPALLY,17.091596,80.018741,17.08761,80.04753
NELAKONDAPALLY,17.099959,80.052658,17.09984,80.00973
NELAKONDAPALLY,17.100275,80.047459,17.04909,80.09615
NELAKONDAPALLY,17.109976,80.068942,17.15952,79.98245
NELAKONDAPALLY,17.121675,80.024294,17.12038,80.07410
NELAKONDAPALLY,17.124074,80.028097,17.07604,80.08667
NELAKONDAPALLY,17.132441,80.009891,17.09996,80.05266
NELAKONDAPALLY,17.134215,80.008022,17.05935,80.03135
NELAKONDAPALLY,17.137712,80.003470,17.14334,79.99991
NELAKONDAPALLY,17.142436,79.999785,17.07511,80.00705
NELAKONDAPALLY,17.148257,79.992153,17.01227,80.08258
PALWANCHA,17.600865,80.703120,17.58616,80.83959
PALWANCHA,17.602013,80.729083,17.60573,80.75115
PALWANCHA,17.603804,80.789368,17.60363,80.78946
PALWANCHA,17.605727,80.751148,17.64449,80.72222
PALWANCHA,17.605751,80.746501,17.64218,80.67737
PALWANCHA,17.632575,80.716386,17.62537,80.74998
PALWANCHA,17.633463,80.717429,17.63346,80.71743
PALWANCHA,17.642176,80.677370,17.58745,80.77172
PALWANCHA,17.682576,80.671374,17.77776,80.67562
PALWANCHA,17.777762,80.675622,17.68181,80.66965
PENUBALLY,17.207141,80.659930,17.19451,80.65673
PENUBALLY,17.208372,80.675365,17.28928,80.70326
PENUBALLY,17.163700,80.653020,17.24178,80.60470
PENUBALLY,17.151223,80.684336,17.13461,80.61726
PENUBALLY,17.157366,80.671322,17.11047,80.65927
PENUBALLY,17.158842,80.672653,17.22705,80.63573
PENUBALLY,17.162583,80.652690,17.22046,80.59345
PENUBALLY,17.195699,80.651585,17.25563,80.67934
PENUBALLY,17.199721,80.623733,17.15405,80.68926
PENUBALLY,17.201970,80.726383,17.16258,80.65269
PENUBALLY,17.205715,80.712194,17.16385,80.62730
PENUBALLY,17.206094,80.661746,17.20722,80.73538
PENUBALLY,17.208133,80.673420,17.25766,80.66797
PENUBALLY,17.219616,80.668765,17.21326,80.70568
PENUBALLY,17.220990,80.626238,17.15526,80.67777
PENUBALLY,17.233333,80.676181,17.21603,80.66460
PENUBALLY,17.239117,80.620378,17.21195,80.67687
PENUBALLY,17.255498,80.679458,17.20210,80.62172
PENUBALLY,17.301397,80.693256,0.00000,0.00000
PINAPAKA,18.026494,80.707291,18.04417,80.49262
PINAPAKA,18.019681,80.591829,18.02255,80.58498
PINAPAKA,18.020425,80.590610,18.05099,80.73809
PINAPAKA,18.024309,80.689753,18.13530,80.64298
PINAPAKA,18.033386,80.717041,18.05025,80.72158
PINAPAKA,18.035841,80.578164,18.10069,80.69110
PINAPAKA,18.036912,80.578924,18.03584,80.57816
PINAPAKA,18.039844,80.710635,18.07054,80.69278
PINAPAKA,18.042037,80.731067,18.04246,80.51376
PINAPAKA,18.042588,80.514282,18.02431,80.68927
PINAPAKA,18.043961,80.492632,18.03870,80.68456
PINAPAKA,18.065020,80.471344,17.96437,80.59020
PINAPAKA,18.078108,80.692142,18.06475,80.47124
PINAPAKA,18.079460,80.691280,18.03156,80.57614
PINAPAKA,18.080396,80.716336,18.08040,80.71634
PINAPAKA,18.094124,80.687700,18.02636,80.70752
SATHUPALLY,17.210173,80.893571,17.19702,80.88556
SATHUPALLY,17.134262,80.857045,17.27593,80.86331
SATHUPALLY,17.176102,80.873840,17.26150,80.77550
SATHUPALLY,17.176786,80.836409,17.21143,80.89414
SATHUPALLY,17.177761,80.876894,17.23087,80.84545
SATHUPALLY,17.186238,80.805696,17.15773,80.86723
SATHUPALLY,17.197329,80.887395,17.21352,80.77797
SATHUPALLY,17.199700,80.897800,17.17735,80.86522
SATHUPALLY,17.205066,80.846296,17.17795,80.89334
SATHUPALLY,17.207111,80.776820,17.22598,80.88260
SATHUPALLY,17.211425,80.894141,17.16467,80.80640
SATHUPALLY,17.212837,80.829510,17.26586,80.84735
SATHUPALLY,17.225979,80.882600,17.15620,80.83547
SATHUPALLY,17.233658,80.883560,17.17679,80.83641
SATHUPALLY,17.256956,80.775749,17.13536,80.85731
SATHUPALLY,17.324297,80.783351,17.32606,80.78356
SINGARENI,17.462769,80.204854,17.55037,80.30715
SINGARENI,17.467254,80.397579,17.46725,80.39757
SINGARENI,17.467965,80.272408,17.46965,80.39975
SINGARENI,17.480409,80.231898,17.47186,80.22686
SINGARENI,17.487572,80.308891,17.48209,80.23341
SINGARENI,17.490327,80.417219,17.48183,80.28267
SINGARENI,17.490795,80.311922,17.45846,80.21379
SINGARENI,17.508814,80.270782,17.49080,80.31192
SINGARENI,17.510532,80.273516,17.53133,80.23246
SINGARENI,17.512943,80.317820,17.48059,80.34183
SINGARENI,17.524673,80.317741,17.53734,80.26062
SINGARENI,17.548176,80.320960,17.56193,80.30109
SINGARENI,17.550367,80.307154,17.49188,80.41808
TEKULAPALLY,17.551658,80.443550,17.56432,80.44921
TEKULAPALLY,17.557272,80.466560,17.59911,80.45824
TEKULAPALLY,17.559646,80.478056,17.67693,80.44057
TEKULAPALLY,17.560927,80.501162,17.66058,80.53947
TEKULAPALLY,17.563422,80.516339,17.57082,80.57151
TEKULAPALLY,17.570796,80.571425,17.68550,80.45796
TEKULAPALLY,17.577664,80.582895,17.58574,80.50484
TEKULAPALLY,17.578494,80.583039,17.53784,80.49740
TEKULAPALLY,17.597598,80.466939,17.58610,80.58295
TEKULAPALLY,17.658779,80.541656,17.56279,80.51442
TEKULAPALLY,17.673406,80.440182,17.55941,80.47727
THALLADA,17.216933,80.422684,17.26041,80.43544
THALLADA,17.116184,80.446677,17.09885,80.44460
THALLADA,17.125433,80.431685,17.23693,80.45960
THALLADA,17.141275,80.445780,17.19601,80.43753
THALLADA,17.142806,80.441800,17.28179,80.45124
THALLADA,17.169940,80.457983,17.11679,80.44989
THALLADA,17.183388,80.466813,17.16196,80.42687
THALLADA,17.193752,80.507580,17.20276,80.39988
THALLADA,17.197875,80.406264,17.25037,80.46632
THALLADA,17.200634,80.485270,17.12543,80.43169
THALLADA,17.201385,80.481741,17.15918,80.47217
THALLADA,17.205767,80.472215,17.22479,80.41614
THALLADA,17.216222,80.461330,17.18410,80.46341
THALLADA,17.217037,80.422660,17.14036,80.44717
THALLADA,17.218384,80.422714,17.20139,80.48174
THALLADA,17.219564,80.453943,17.17697,80.41272
THALLADA,17.236930,80.459598,17.16994,80.45798
THALLADA,17.260409,80.435440,17.19948,80.51043
THIRUMALAYAPALEM,17.340528,79.958016,17.30246,79.90053
THIRUMALAYAPALEM,17.290240,79.856731,17.30351,79.89002
THIRUMALAYAPALEM,17.295455,80.031982,17.30453,79.94193
THIRUMALAYAPALEM,17.299588,79.863876,17.36162,79.93758
THIRUMALAYAPALEM,17.300001,79.862198,17.32471,79.97130
THIRUMALAYAPALEM,17.301802,79.896360,17.33396,80.02104
THIRUMALAYAPALEM,17.302133,79.890291,17.27983,80.01812
THIRUMALAYAPALEM,17.305095,79.930763,17.34321,79.95917
THIRUMALAYAPALEM,17.309016,80.033504,17.32755,79.90289
THIRUMALAYAPALEM,17.309840,79.831688,17.38831,79.97981
THIRUMALAYAPALEM,17.310458,80.033395,17.36291,79.90285
THIRUMALAYAPALEM,17.321342,79.969343,17.37227,79.96718
THIRUMALAYAPALEM,17.322003,79.968182,17.30000,79.86220
THIRUMALAYAPALEM,17.323464,79.999855,17.31119,79.82833
THIRUMALAYAPALEM,17.323886,80.004212,17.29546,80.03198
THIRUMALAYAPALEM,17.328829,79.936681,17.33051,79.93058
THIRUMALAYAPALEM,17.330513,79.930577,17.35992,79.91276
THIRUMALAYAPALEM,17.338375,79.903264,17.29024,79.85673
THIRUMALAYAPALEM,17.342835,79.958364,17.35419,79.96414
THIRUMALAYAPALEM,17.343206,79.959165,17.32389,80.00421
THIRUMALAYAPALEM,17.365327,79.931082,17.32403,79.85767
THIRUMALAYAPALEM,17.369271,79.921658,17.28068,79.86952
THIRUMALAYAPALEM,17.372265,79.967184,17.28218,79.82894
THIRUMALAYAPALEM,17.372347,79.967314,17.34057,79.90088
THIRUMALAYAPALEM,17.379960,79.901915,17.28858,79.97300
THIRUMALAYAPALEM,17.387057,79.981057,17.30514,79.99707
VEMSOOR,17.080346,80.841931,17.12551,80.70694
VEMSOOR,17.078488,80.841365,17.07690,80.77369
VEMSOOR,17.109750,80.699623,17.06099,80.85508
VEMSOOR,17.065781,80.802380,17.10975,80.69962
VEMSOOR,17.073628,80.835515,17.13154,80.81779
VEMSOOR,17.077564,80.841440,17.10510,80.86576
VEMSOOR,17.094968,80.803627,17.10919,80.73752
VEMSOOR,17.102937,80.861512,17.07849,80.84137
VEMSOOR,17.111855,80.698439,17.08974,80.71971
VEMSOOR,17.115771,80.729768,17.09950,80.80264
VEMSOOR,17.115980,80.796636,17.14766,80.79671
VEMSOOR,17.119580,80.715754,17.11275,80.79784
VEMSOOR,17.126348,80.706866,17.11783,80.71091
VEMSOOR,17.127905,80.794363,17.17552,80.73990
VEMSOOR,17.134180,80.791040,17.12463,80.67675
VEMSOOR,17.141433,80.785315,17.05953,80.80909
VENKATAPURAM,18.302520,80.551762,18.20548,80.66966
VENKATAPURAM,18.172228,80.703412,18.13868,80.72923
VENKATAPURAM,18.205477,80.669658,18.33034,80.50862
VENKATAPURAM,18.233285,80.641766,18.23329,80.64177
VENKATAPURAM,18.264705,80.605382,18.28892,80.59033
VENKATAPURAM,18.288924,80.590332,18.16839,80.69846
VENKATAPURAM,18.300427,80.551543,18.26471,80.60538
VENKATAPURAM,18.300646,80.554097,18.29859,80.55410
WAZEED,18.387009,80.528795,18.36317,80.51954
WAZEED,18.435982,80.502991,18.48565,80.45009
WAZEED,18.440355,80.476350,18.47336,80.43334
WAZEED,18.462872,80.493350,18.36718,80.48349
WAZEED,18.485694,80.449835,18.46072,80.49358
WAZEED,18.533218,80.394492,18.43157,80.50820
WYRA,17.196389,80.355194,17.09693,80.31852
WYRA,17.074778,80.324611,17.08555,80.39106
WYRA,17.076902,80.325646,17.07720,80.37362
WYRA,17.077195,80.373617,17.09987,80.39088
WYRA,17.100733,80.363399,17.10006,80.34153
WYRA,17.100818,80.338492,17.10777,80.31558
WYRA,17.104076,80.323525,17.10073,80.36340
WYRA,17.105097,80.338220,17.12507,80.35895
WYRA,17.109717,80.404062,17.15473,80.38070
WYRA,17.121567,80.336295,17.10972,80.40406
WYRA,17.122591,80.404400,17.14060,80.37867
WYRA,17.122937,80.349402,17.13367,80.39245
WYRA,17.134019,80.394530,17.07720,80.32668
WYRA,17.154733,80.380701,17.14105,80.41573
WYRA,17.154927,80.341754,17.11557,80.33786
WYRA,17.160932,80.399557,17.16093,80.39956
WYRA,17.179133,80.387117,17.19384,80.35988
WYRA,17.180369,80.400451,17.15277,80.34066
WYRA,17.196556,80.355168,17.07343,80.30806
YELLANDU,17.547038,80.352606,17.56919,80.24546
YELLANDU,17.558738,80.352223,17.71054,80.31883
YELLANDU,17.568936,80.248285,17.71120,80.28001
YELLANDU,17.569193,80.245459,17.74843,80.39112
YELLANDU,17.577662,80.359261,17.72480,80.34463
YELLANDU,17.585111,80.331110,17.51826,80.36289
YELLANDU,17.642531,80.298049,17.64253,80.29805
YELLANDU,17.710539,80.318830,17.58502,80.35299
YERRUPALEM,16.928242,80.482983,16.92005,80.50300
YERRUPALEM,16.913272,80.470550,16.86394,80.47630
YERRUPALEM,16.907334,80.458245,16.83761,80.50925
YERRUPALEM,16.896106,80.458060,16.93775,80.51049
YERRUPALEM,16.880386,80.456869,16.87691,80.52677
YERRUPALEM,16.847072,80.465830,16.88237,80.47948
YERRUPALEM,16.838929,80.458542,16.92884,80.48316
YERRUPALEM,16.825193,80.471188,16.95701,80.53558
YERRUPALEM,16.825401,80.471694,16.91335,80.47119
YERRUPALEM,16.801893,80.490781,16.82976,80.51928
YERRUPALEM,16.775759,80.504138,16.89284,80.58633
YERRUPALEM,16.834698,80.508139,16.77889,80.51590
YERRUPALEM,16.800381,80.496552,16.89600,80.48911
YERRUPALEM,16.822123,80.471940,16.86270,80.45408
YERRUPALEM,16.831754,80.516614,16.90725,80.45799
YERRUPALEM,16.831995,80.518018,16.85057,80.47507
YERRUPALEM,16.849350,80.548949,16.83738,80.45149
YERRUPALEM,16.859939,80.549484,16.84935,80.54895
YERRUPALEM,16.860897,80.456718,16.80038,80.49655
YERRUPALEM,16.863737,80.476411,16.89650,80.45803
YERRUPALEM,16.879136,80.456783,16.87914,80.45678
YERRUPALEM,16.882371,80.479477,16.82229,80.47289
ARMUR,18.791630,78.286070,18.80683,78.19517
ARMUR,18.789944,78.288297,18.86425,78.26202
ARMUR,18.797512,78.248767,18.76677,78.25619
ARMUR,18.781495,78.300096,18.80752,78.33202
ARMUR,18.766649,78.256320,18.84616,78.22471
ARMUR,18.775378,78.296976,18.84606,78.30072
ARMUR,18.777317,78.297818,18.80143,78.21955
ARMUR,18.785530,78.302307,18.76407,78.32947
ARMUR,18.799406,78.237518,18.80130,78.23679
ARMUR,18.800726,78.222972,18.88439,78.27061
ARMUR,18.808272,78.331316,18.88066,78.29121
ARMUR,18.808718,78.196262,18.85833,78.20449
ARMUR,18.825578,78.237123,18.87225,78.26615
ARMUR,18.829116,78.232268,18.77732,78.29782
ARMUR,18.833670,78.279234,18.84699,78.25626
ARMUR,18.836556,78.277027,18.82920,78.23173
ARMUR,18.845630,78.218630,18.79285,78.30784
ARMUR,18.849903,78.299228,18.83462,78.27694
ARMUR,18.855787,78.296472,18.82130,78.24126
ARMUR,18.857628,78.295283,18.85763,78.29528
BALKONDA,18.869618,78.360622,18.87217,78.33377
BALKONDA,18.839724,78.324367,18.90321,78.33937
BALKONDA,18.110410,78.380110,18.85928,78.36534
BALKONDA,18.827136,78.323740,18.94346,78.36724
BALKONDA,18.842990,78.338472,18.98465,78.38952
BALKONDA,18.860358,78.379793,18.84294,78.33798
BALKONDA,18.869618,78.360622,18.98398,78.38142
BALKONDA,18.872173,78.333770,18.87844,78.31965
BALKONDA,18.878443,78.319647,18.87905,78.30599
BALKONDA,18.891399,78.348416,18.88735,78.34935
BALKONDA,18.895039,78.351414,18.96852,78.40920
BALKONDA,18.899762,78.417728,18.90804,78.37347
BALKONDA,18.899978,78.434439,18.95096,78.40191
BALKONDA,18.900455,78.436914,18.90956,78.35674
BALKONDA,18.903209,78.339369,18.91159,78.40251
BALKONDA,18.911493,78.357239,18.89997,78.32799
BALKONDA,18.911528,78.402813,18.92976,78.36429
BALKONDA,18.916280,78.358780,18.89298,78.41371
BALKONDA,18.929682,78.365311,18.95566,78.42865
BALKONDA,18.943268,78.368942,18.95840,78.36121
BALKONDA,18.946015,78.369836,18.82550,78.32275
BALKONDA,18.953070,78.402111,18.85813,78.38204
BALKONDA,18.968515,78.409197,18.92510,78.43103
BALKONDA,18.984651,78.389522,18.89430,78.35906
BANSWADA,18.349794,77.877162,18.37886,77.87706
BANSWADA,18.394732,77.879363,18.38566,77.90073
BANSWADA,18.331989,77.914487,18.33908,77.88585
BANSWADA,18.367820,77.873535,18.42811,77.90760
BANSWADA,18.379800,77.876938,18.43581,78.00358
BANSWADA,18.388016,77.893746,18.40372,77.85181
BANSWADA,18.404235,77.882683,18.40245,77.91329
BANSWADA,18.405086,77.847961,18.40814,77.97694
BANSWADA,18.408387,77.882739,18.41204,77.90734
BANSWADA,18.412039,77.907339,18.41736,77.99338
BANSWADA,18.412602,77.885643,18.40523,77.88099
BANSWADA,18.415550,77.912257,18.36548,77.87457
BHEEMGAL,18.606789,78.461934,18.71096,78.47496
BHEEMGAL,18.703693,78.381040,18.70203,78.45832
BHEEMGAL,18.606785,78.487841,18.65658,78.48170
BHEEMGAL,18.691670,78.413793,18.69390,78.41660
BHEEMGAL,18.624930,78.625289,18.68035,78.44512
BHEEMGAL,18.634106,78.423614,18.70099,78.44947
BHEEMGAL,18.639173,78.574038,18.70936,78.38050
BHEEMGAL,18.640647,78.457854,18.63935,78.57310
BHEEMGAL,18.643083,78.563152,18.63980,78.42711
BHEEMGAL,18.647041,78.482886,18.73514,78.44661
BHEEMGAL,18.653377,78.481806,18.73729,78.46174
BHEEMGAL,18.656576,78.481695,18.71806,78.50475
BHEEMGAL,18.657984,78.418324,18.64093,78.45796
BHEEMGAL,18.674170,78.442489,18.66777,78.48240
BHEEMGAL,18.702027,78.458318,18.64685,78.48254
BHEEMGAL,18.703027,78.448247,18.69858,78.46471
BHEEMGAL,18.703425,78.462690,18.64668,78.53434
BHEEMGAL,18.709829,78.471894,18.66470,78.42712
BHIKNUR,18.117380,78.463957,18.21706,78.40587
BHIKNUR,18.122970,78.482923,18.15276,78.41340
BHIKNUR,18.158279,78.408547,18.12613,78.46653
BHIKNUR,18.161500,78.390207,18.18915,78.39927
BHIKNUR,18.174494,78.461477,18.16150,78.39021
BHIKNUR,18.185950,78.398350,18.13399,78.48491
BHIKNUR,18.189094,78.390480,18.24152,78.38535
BHIKNUR,18.189345,78.399449,18.19857,78.45509
BHIKNUR,18.192827,78.400019,18.17134,78.48392
BHIKNUR,18.193302,78.453771,18.20977,78.41696
BHIKNUR,18.224569,78.390396,18.17479,78.46136
BHIKNUR,18.239365,78.359273,18.25033,78.35961
BHIKNUR,18.239508,78.353880,18.26104,78.33376
BHIKNUR,18.242394,78.380986,18.18909,78.39048
BICHKUNDA,18.386465,77.793178,18.36127,77.82237
BICHKUNDA,18.401857,77.707415,18.27643,77.76202
BICHKUNDA,18.330993,77.719179,18.39992,77.70328
BICHKUNDA,18.265482,77.757460,18.27179,77.70817
BICHKUNDA,18.276432,77.762015,18.40399,77.75650
BICHKUNDA,18.276480,77.773540,18.39511,77.74190
BICHKUNDA,18.289739,77.758536,18.36912,77.74133
BICHKUNDA,18.295334,77.745072,18.37831,77.73985
BICHKUNDA,18.330374,77.730959,18.38082,77.67577
BICHKUNDA,18.341137,77.713346,18.41297,77.72665
BICHKUNDA,18.365436,77.807310,18.45886,77.72777
BICHKUNDA,18.369115,77.741332,18.36763,77.80726
BICHKUNDA,18.370736,77.740737,18.43342,77.75418
BICHKUNDA,18.392655,77.674485,18.26242,77.75816
BICHKUNDA,18.392862,77.733764,18.48103,77.73678
BICHKUNDA,18.400100,77.723426,18.29071,77.75886
BICHKUNDA,18.400687,77.771141,18.43185,77.71279
BICHKUNDA,18.400921,77.728467,18.40069,77.77114
BICHKUNDA,18.401057,77.701060,18.41553,77.68168
BICHKUNDA,18.406256,77.756666,18.32858,77.73273
BICHKUNDA,18.421788,77.762105,18.45972,77.74960
BICHKUNDA,18.429198,77.712539,18.42179,77.76211
BICHKUNDA,18.458957,77.727468,18.35456,77.71157
BICHKUNDA,18.481030,77.736777,18.26900,77.74375
BICHKUNDA,18.481314,77.736543,18.38647,77.79318
BIRKOOR,18.465533,77.803411,18.44711,77.90920
BIRKOOR,18.415488,77.830597,18.42102,77.82364
BIRKOOR,18.424143,77.873910,18.47273,77.90892
BIRKOOR,18.440122,77.841703,18.49664,77.78479
BIRKOOR,18.445332,77.879605,18.49376,77.81994
BIRKOOR,18.448029,77.904430,18.46312,77.80143
BIRKOOR,18.462298,77.801944,18.49082,77.84467
BIRKOOR,18.463740,77.829913,18.40978,77.83282
BIRKOOR,18.476024,77.870164,18.41260,77.88564
BIRKOOR,18.477682,77.869911,18.42419,77.87445
BIRKOOR,18.490815,77.844667,18.43210,77.80365
BIRKOOR,18.505312,77.801677,18.47549,77.85729
BODHAN,18.651896,77.893712,18.67521,77.90109
BODHAN,18.682338,77.901230,18.62155,77.93132
BODHAN,18.594118,77.917275,18.70668,77.91042
BODHAN,18.594226,77.917117,18.64254,77.91526
BODHAN,18.601967,77.914496,18.59423,77.91712
BODHAN,18.628149,77.939835,18.65739,77.92730
BODHAN,18.642349,77.915175,18.79169,77.87353
BODHAN,18.657307,77.927901,18.67140,77.77884
BODHAN,18.658642,77.831676,18.69875,77.85216
BODHAN,18.659154,77.842384,18.73878,77.84980
BODHAN,18.661591,77.875160,18.67807,77.79604
BODHAN,18.664830,77.898750,18.78100,77.84054
BODHAN,18.668753,77.841294,18.66781,77.84744
BODHAN,18.671399,77.778835,18.65864,77.83168
BODHAN,18.672608,77.784521,18.77182,77.87062
BODHAN,18.674450,77.903800,18.71416,77.89646
BODHAN,18.676466,77.853709,18.67072,77.74821
BODHAN,18.678813,77.845138,18.71708,77.87913
BODHAN,18.681145,77.801197,18.73407,77.88303
BODHAN,18.689080,77.820312,18.60798,77.90576
BODHAN,18.696703,77.851062,18.67495,77.86208
BODHAN,18.697572,77.808832,18.63392,77.94289
BODHAN,18.712883,77.899697,18.73585,77.90130
BODHAN,18.716785,77.900326,18.71814,77.91761
BODHAN,18.732140,77.903478,18.63728,77.84092
BODHAN,18.734067,77.883027,18.65138,77.83284
BODHAN,18.737535,77.850936,18.68908,77.82031
BODHAN,18.738782,77.849804,18.67921,77.84506
BODHAN,18.756249,77.839396,18.60197,77.91450
BODHAN,18.775051,77.866049,18.75625,77.83940
BODHAN,18.781004,77.840535,18.66773,77.90236
DHARPALLE,18.585380,78.299730,18.56251,78.31963
DHARPALLE,18.481354,78.331307,18.64163,78.35119
DHARPALLE,18.485894,78.281922,18.61018,78.35847
DHARPALLE,18.508422,78.276267,18.66732,78.38302
DHARPALLE,18.525375,78.285021,18.57579,78.36855
DHARPALLE,18.528977,78.285517,18.48135,78.33131
DHARPALLE,18.549392,78.262798,18.63277,78.38034
DHARPALLE,18.562460,78.319510,18.52538,78.28502
DHARPALLE,18.565159,78.297935,18.58616,78.34721
DHARPALLE,18.574712,78.367195,18.63166,78.32706
DHARPALLE,18.575785,78.368547,18.58243,78.29739
DHARPALLE,18.579802,78.359369,18.65637,78.33521
DHARPALLE,18.582431,78.297389,18.51118,78.27748
DHARPALLE,18.621834,78.308915,18.62025,78.30827
DHARPALLE,18.631357,78.380304,18.56373,78.37550
DHARPALLE,18.631663,78.327055,18.48366,78.28248
DHARPALLE,18.632769,78.380339,18.55057,78.26948
DHARPALLE,18.649010,78.333188,18.56516,78.29794
DICHPALLE,18.533509,78.237717,18.63642,78.19367
DICHPALLE,18.625908,78.249889,18.64298,78.15829
DICHPALLE,18.511131,78.222085,18.57970,78.22830
DICHPALLE,18.528160,78.245155,18.51186,78.22196
DICHPALLE,18.546096,78.242832,18.65042,78.16865
DICHPALLE,18.549350,78.242780,18.58701,78.20562
DICHPALLE,18.578966,78.267238,18.58708,78.19311
DICHPALLE,18.579801,78.228204,18.52764,78.24493
DICHPALLE,18.580287,78.268882,18.63786,78.18346
DICHPALLE,18.585899,78.281312,18.54034,78.22598
DICHPALLE,18.589083,78.203820,18.59135,78.23834
DICHPALLE,18.591646,78.238488,18.65805,78.32520
DICHPALLE,18.603974,78.213200,18.59091,78.28834
DICHPALLE,18.612278,78.200507,18.65658,78.20430
DICHPALLE,18.629175,78.285314,18.59218,78.25665
DICHPALLE,18.633422,78.249946,18.61317,78.19906
DICHPALLE,18.633602,78.224196,18.58038,78.25633
DICHPALLE,18.633951,78.220777,18.57897,78.26724
DICHPALLE,18.639532,78.183645,18.63834,78.21960
DICHPALLE,18.642830,78.172708,18.63395,78.21091
DICHPALLE,18.644483,78.313326,18.64448,78.31333
DICHPALLE,18.650007,78.170584,18.54548,78.24635
DICHPALLE,18.657220,78.202481,18.63192,78.25245
DOMAKONDA,18.248286,78.442486,18.26573,78.49843
DOMAKONDA,18.186212,78.512191,18.24594,78.45838
DOMAKONDA,18.186442,78.512199,18.21208,78.52275
DOMAKONDA,18.211102,78.525048,18.29150,78.38809
DOMAKONDA,18.211514,78.521033,18.25012,78.43497
DOMAKONDA,18.212076,78.522751,18.22542,78.43346
DOMAKONDA,18.215351,78.517752,18.18621,78.51219
DOMAKONDA,18.224520,78.447599,18.22995,78.50099
DOMAKONDA,18.224665,78.447577,18.26690,78.52058
DOMAKONDA,18.232303,78.492892,18.23708,78.41352
DOMAKONDA,18.236582,78.413371,18.21268,78.54819
DOMAKONDA,18.237371,78.531171,18.21039,78.48461
DOMAKONDA,18.238868,78.479408,18.28793,78.40609
DOMAKONDA,18.245734,78.458613,18.22452,78.44760
DOMAKONDA,18.254431,78.434177,18.18886,78.54829
DOMAKONDA,18.260134,78.479777,18.19077,78.51117
DOMAKONDA,18.288011,78.405160,18.23613,78.53574
GANDHARI,18.401306,78.106276,18.43224,78.16106
GANDHARI,18.458425,78.220807,18.46797,78.07669
GANDHARI,18.338551,78.004261,18.46252,78.12131
GANDHARI,18.340034,78.092883,18.39632,78.11751
GANDHARI,18.340775,78.003603,18.34078,78.00360
GANDHARI,18.361649,77.995651,18.37932,78.00129
GANDHARI,18.365493,77.977439,18.35785,78.14101
GANDHARI,18.370136,77.976239,18.39160,78.15976
GANDHARI,18.371262,78.074472,18.33549,78.10538
GANDHARI,18.389178,78.063959,18.35261,77.97281
GANDHARI,18.396315,78.117512,18.44279,78.05157
GANDHARI,18.396353,78.115665,18.44707,78.06959
GANDHARI,18.398532,78.134901,0.00000,0.00000
GANDHARI,18.399587,78.153533,18.34003,78.09288
GANDHARI,18.414041,77.980576,18.38365,78.06688
GANDHARI,18.417032,77.993537,18.34556,78.01099
GANDHARI,18.432237,78.161063,18.44911,78.19827
GANDHARI,18.434719,78.001771,18.37629,77.98155
GANDHARI,18.446543,78.066798,18.46629,78.16906
JAKRANPALLE,18.676224,78.215337,18.73641,78.27417
JAKRANPALLE,18.682590,78.238774,18.75555,78.30304
JAKRANPALLE,18.684021,78.337226,18.68617,78.34496
JAKRANPALLE,18.684101,78.241295,18.71496,78.27894
JAKRANPALLE,18.685535,78.327988,18.68554,78.32799
JAKRANPALLE,18.687344,78.321711,18.68512,78.27162
JAKRANPALLE,18.690041,78.310760,18.71635,78.33602
JAKRANPALLE,18.709317,78.304610,18.73742,78.24935
JAKRANPALLE,18.718429,78.280816,18.70299,78.30256
JAKRANPALLE,18.734746,78.261699,18.75240,78.23537
JAKRANPALLE,18.736409,78.274172,18.73475,78.26170
JAKRANPALLE,18.737416,78.249349,18.69343,78.28540
JAKRANPALLE,18.738054,78.276670,18.67154,78.20579
JAKRANPALLE,18.749309,78.304187,18.68259,78.23877
JUKKAL,18.347388,77.704782,18.29725,77.61541
JUKKAL,18.310150,77.595743,18.34717,77.62434
JUKKAL,18.326477,77.721123,18.39964,77.57036
JUKKAL,18.332690,77.696239,18.43074,77.54122
JUKKAL,18.342499,77.650914,18.38019,77.61431
JUKKAL,18.345022,77.651594,18.30737,77.58686
JUKKAL,18.345505,77.662048,18.36490,77.53984
JUKKAL,18.348048,77.675066,18.34643,77.56413
JUKKAL,18.351769,77.627165,18.42698,77.57358
JUKKAL,18.355047,77.596432,18.35683,77.60160
JUKKAL,18.356826,77.601604,18.34250,77.65091
JUKKAL,18.363928,77.605732,18.37411,77.56700
JUKKAL,18.364694,77.603030,18.35746,77.67819
JUKKAL,18.368325,77.543740,18.33365,77.69862
JUKKAL,18.380192,77.614307,18.37086,77.63883
JUKKAL,18.381025,77.566174,18.35703,77.66628
JUKKAL,18.389643,77.594815,18.39814,77.63458
JUKKAL,18.401617,77.595204,18.40038,77.60720
JUKKAL,18.428070,77.572222,18.38621,77.59370
KAMAREDDY,18.258761,78.329386,18.35653,78.33055
KAMAREDDY,18.268741,78.328521,18.28852,78.33382
KAMAREDDY,18.280932,78.353860,18.32081,78.32403
KAMAREDDY,18.292141,78.335814,18.37565,78.36095
KAMAREDDY,18.303984,78.342254,18.36387,78.39633
KAMAREDDY,18.318317,78.299097,18.38283,78.33840
KAMAREDDY,18.319884,78.332504,18.30999,78.37097
KAMAREDDY,18.324439,78.361712,18.26887,78.32874
KAMAREDDY,18.325420,78.391895,18.31583,78.30913
KAMAREDDY,18.332519,78.365783,18.27450,78.35401
KAMAREDDY,18.344229,78.311481,18.28524,78.35028
KAMAREDDY,18.375650,78.360949,18.33301,78.36685
KAMAREDDY,18.376897,78.361163,18.30215,78.33900
KAMAREDDY,18.382832,78.338404,18.35179,78.37460
KAMMARAPALLE,18.779562,78.521937,18.72907,78.54927
KAMMARAPALLE,18.798579,78.514374,18.77829,78.51062
KAMMARAPALLE,18.837134,78.508474,18.77971,78.52186
KAMMARAPALLE,18.837365,78.511282,18.79992,78.51478
KAMMARAPALLE,18.852825,78.511570,18.71101,78.55129
KOTGIRI,18.569821,77.786140,18.50724,77.81732
KOTGIRI,18.505305,77.801707,18.63060,77.79062
KOTGIRI,18.507041,77.819865,18.55869,77.81272
KOTGIRI,18.521969,77.794811,18.61304,77.82257
KOTGIRI,18.545419,77.793249,18.58425,77.76258
KOTGIRI,18.547670,77.815481,18.60433,77.77547
KOTGIRI,18.556961,77.818907,18.54989,77.78750
KOTGIRI,18.565516,77.772118,18.52083,77.78080
KOTGIRI,18.575050,77.820028,18.60050,77.76108
KOTGIRI,18.575057,77.818304,18.53960,77.77116
KOTGIRI,18.584614,77.857962,18.62722,77.77638
KOTGIRI,18.600500,77.761078,18.57524,77.81886
KOTGIRI,18.603356,77.775373,18.53886,77.81020
KOTGIRI,18.604917,77.824035,18.50963,77.80329
KOTGIRI,18.626835,77.776602,18.56729,77.77222
KOTGIRI,18.662813,77.777678,18.60288,77.85633
LINGAMPET,18.215067,78.121993,18.30039,78.10278
LINGAMPET,18.199891,78.129741,18.28308,78.05890
LINGAMPET,18.215310,78.122049,18.26075,78.09957
LINGAMPET,18.223383,78.164367,18.27506,78.06551
LINGAMPET,18.235841,78.064903,18.29202,78.11590
LINGAMPET,18.236075,78.114512,18.26332,78.13894
LINGAMPET,18.236163,78.116421,18.24243,78.13133
LINGAMPET,18.236930,78.109446,18.23693,78.10945
LINGAMPET,18.241834,78.131668,18.31598,78.16103
LINGAMPET,18.253243,78.135725,18.30463,78.05326
LINGAMPET,18.259807,78.142061,18.29508,78.12518
LINGAMPET,18.260752,78.099566,18.19989,78.12974
LINGAMPET,18.271022,78.060628,18.17818,78.16304
LINGAMPET,18.283076,78.058895,18.22866,78.18170
LINGAMPET,18.285668,78.111459,18.15313,78.13662
LINGAMPET,18.315598,78.162052,18.21531,78.12205
MACHAREDDY,18.398097,78.470741,18.37142,78.48882
MACHAREDDY,18.285602,78.472842,18.40109,78.45837
MACHAREDDY,18.288237,78.472861,18.35022,78.40305
MACHAREDDY,18.305022,78.458346,18.30831,78.48162
MACHAREDDY,18.314916,78.440772,18.42776,78.53478
MACHAREDDY,18.317454,78.435838,18.33704,78.41442
MACHAREDDY,18.321446,78.455497,18.32282,78.48554
MACHAREDDY,18.324575,78.468274,18.32938,78.44621
MACHAREDDY,18.325303,78.399979,18.28824,78.47286
MACHAREDDY,18.326928,78.481331,18.33525,78.51575
MACHAREDDY,18.328779,78.498400,18.36509,78.44852
MACHAREDDY,18.333272,78.507898,0.00000,0.00000
MACHAREDDY,18.336822,78.402336,18.32226,78.46934
MACHAREDDY,18.350223,78.403046,18.33492,78.49784
MACHAREDDY,18.363791,78.450288,18.43141,78.40565
MACHAREDDY,18.364429,78.447080,18.31736,78.43523
MACHAREDDY,18.373528,78.487221,18.35830,78.42881
MACHAREDDY,18.402128,78.455924,18.39277,78.55967
MACHAREDDY,18.403174,78.497231,18.41381,78.42061
MACHAREDDY,18.404836,78.491842,18.36518,78.41366
MACHAREDDY,18.408495,78.407908,18.41323,78.53545
MACHAREDDY,18.409502,78.436797,18.30730,78.45804
MACHAREDDY,18.411746,78.535755,18.40418,78.49798
MACHAREDDY,18.413227,78.535449,18.30720,78.44507
MADNUR,18.486820,77.621501,18.47836,77.62091
MADNUR,18.419240,77.653447,18.42679,77.61872
MADNUR,18.422344,77.668643,18.47520,77.72884
MADNUR,18.440976,77.671487,18.51738,77.70964
MADNUR,18.443682,77.622750,18.41924,77.65345
MADNUR,18.446822,77.672441,18.54535,77.64539
MADNUR,18.456838,77.668927,18.51210,77.60539
MADNUR,18.460379,77.684776,18.44384,77.62241
MADNUR,18.478610,77.736543,18.50241,77.74837
MADNUR,18.479594,77.654073,18.44660,77.70271
MADNUR,18.481253,77.736592,18.53684,77.68634
MADNUR,18.485846,77.663150,18.52363,77.74248
MADNUR,18.495262,77.623891,18.50555,77.62396
MADNUR,18.505547,77.623960,18.47833,77.65747
MADNUR,18.506122,77.625129,18.49515,77.66864
MADNUR,18.507387,77.622343,18.43489,77.68372
MADNUR,18.517384,77.709636,18.45825,77.65761
MADNUR,18.517480,77.703851,18.53030,77.61680
MADNUR,18.519403,77.705880,18.53769,77.60440
MADNUR,18.529190,77.619734,18.46459,77.68441
MADNUR,18.529835,77.645892,18.46965,77.59503
MAKLOOR,18.726502,78.147972,18.69678,78.16205
MAKLOOR,18.684470,78.170912,18.78197,78.09744
MAKLOOR,18.687261,78.166196,18.72300,78.12806
MAKLOOR,18.695616,78.160414,18.82351,78.07531
MAKLOOR,18.711735,78.139565,18.75103,78.16220
MAKLOOR,18.716361,78.133846,18.80686,78.16291
MAKLOOR,18.716918,78.133358,18.82449,78.11486
MAKLOOR,18.739473,78.175701,18.78795,78.12865
MAKLOOR,18.739583,78.178413,18.79656,78.10454
MAKLOOR,18.749456,78.118050,18.84230,78.06792
MAKLOOR,18.762633,78.125672,18.77344,78.19639
MAKLOOR,18.770915,78.125518,18.78930,78.17678
MAKLOOR,18.773435,78.196393,18.83258,78.09074
MAKLOOR,18.774522,78.111569,18.68103,78.18437
MAKLOOR,18.781971,78.097444,18.77092,78.12552
MAKLOOR,18.783522,78.140892,18.74901,78.11840
MAKLOOR,18.789300,78.176778,18.73949,78.17774
MAKLOOR,18.819591,78.137063,18.71271,78.13834
MORTAD,18.881520,78.426065,18.93090,78.45030
MORTAD,18.760636,78.438134,18.86440,78.42544
MORTAD,18.783490,78.431490,18.95817,78.48878
MORTAD,18.801656,78.494352,18.82901,78.42637
MORTAD,18.801979,78.485060,18.78057,78.48222
MORTAD,18.819665,78.420786,18.82338,78.44235
MORTAD,18.825517,78.457639,18.94608,78.51271
MORTAD,18.826340,78.453532,18.81674,78.45929
MORTAD,18.857729,78.466666,18.86449,78.44020
MORTAD,18.864488,78.440198,18.76190,78.43115
MORTAD,18.864870,78.427523,18.88036,78.42707
MORTAD,18.882114,78.426739,18.78804,78.42896
MORTAD,18.909126,78.488572,18.94524,78.46317
MORTAD,18.933640,78.495566,18.93253,78.49386
MORTAD,18.936543,78.493265,18.85755,78.47005
MORTAD,18.943706,78.465198,18.88039,78.44392
MORTAD,18.953084,78.492408,18.80166,78.49435
MORTAD,18.958165,78.488777,18.90841,78.48573
NAGIREDDYPET,18.133761,78.066006,18.10499,78.04259
NAGIREDDYPET,18.100377,78.074703,18.16112,78.06911
NAGIREDDYPET,18.103422,78.077657,18.09728,78.12116
NAGIREDDYPET,18.104987,78.042585,18.12306,78.08079
NAGIREDDYPET,18.106519,78.051722,18.09069,78.14475
NAGIREDDYPET,18.109321,78.125455,18.11656,78.03382
NAGIREDDYPET,18.111187,78.131558,18.10214,78.09900
NAGIREDDYPET,18.111359,78.105755,18.10482,78.15613
NAGIREDDYPET,18.115135,78.158809,18.10652,78.05172
NAGIREDDYPET,18.115296,78.155697,18.10807,78.12518
NAGIREDDYPET,18.115766,78.136557,18.11535,78.17113
NAGIREDDYPET,18.116800,78.169441,18.11581,78.06649
NAGIREDDYPET,18.120640,78.087995,18.10038,78.07470
NAGIREDDYPET,18.125798,78.068809,18.13917,78.15381
NANDIPET,18.960349,78.198279,18.85154,78.11413
NANDIPET,18.874152,78.138051,18.82094,78.13966
NANDIPET,18.819279,78.139381,18.96099,78.19849
NANDIPET,18.834856,78.142834,18.92907,78.13545
NANDIPET,18.851543,78.114128,18.88597,78.14385
NANDIPET,18.851673,78.116276,18.90515,78.11375
NANDIPET,18.868472,78.130320,18.87264,78.11935
NANDIPET,18.873000,78.121598,18.90555,78.19092
NANDIPET,18.876502,78.149874,18.93882,78.18517
NANDIPET,18.877265,78.195853,18.95890,78.21150
NANDIPET,18.880029,78.210217,18.95831,78.21356
NANDIPET,18.880657,78.210453,18.92814,78.22225
NANDIPET,18.881184,78.143934,18.85789,78.08458
NANDIPET,18.881698,78.108590,18.87839,78.18939
NANDIPET,18.882677,78.158938,18.92540,78.15884
NANDIPET,18.889026,78.138131,18.88474,78.10791
NANDIPET,18.900450,78.183592,18.91307,78.21725
NANDIPET,18.910265,78.216149,18.87903,78.15631
NANDIPET,18.913072,78.217252,18.93662,78.16720
NANDIPET,18.925287,78.137239,18.93548,78.20304
NANDIPET,18.936146,78.185277,18.89554,78.16976
NANDIPET,18.938815,78.185173,18.87602,78.21276
NANDIPET,18.958899,78.211501,18.96415,78.19983
NANDIPET,18.960989,78.198485,18.88228,78.09976
NAVIPET,18.754993,78.022240,18.75627,78.02018
NAVIPET,18.736657,78.057190,18.81957,78.00821
NAVIPET,18.762969,78.037273,18.74304,78.02769
NAVIPET,18.773061,78.015623,18.73648,78.05729
NAVIPET,18.773984,78.013980,18.85351,78.03388
NAVIPET,18.776423,78.039708,18.78648,77.99370
NAVIPET,18.786481,77.993701,18.80047,78.06406
NAVIPET,18.799505,77.997327,18.77642,78.03971
NAVIPET,18.800473,78.064061,18.82053,77.95891
NAVIPET,18.802389,78.041002,18.85176,78.05106
NAVIPET,18.802858,78.063265,18.83376,78.00021
NAVIPET,18.814030,77.993802,18.76297,78.03727
NAVIPET,18.815918,77.978822,18.76503,78.05499
NAVIPET,18.824517,78.049319,18.80309,77.99558
NAVIPET,18.828339,78.083354,18.89797,78.06672
NAVIPET,18.837946,78.074267,18.85772,77.99538
NAVIPET,18.846862,78.049542,18.78759,78.06461
NAVIPET,18.851757,78.051058,18.77060,78.01548
NAVIPET,18.855679,77.967170,18.85870,78.05322
NAVIPET,18.863227,78.055770,18.79741,78.02830
NAVIPET,18.884956,78.065685,18.78445,77.98378
NAVIPET,18.896569,78.065425,18.82146,78.04807
NIZAMABAD,18.696196,78.047495,18.51732,78.13345
NIZAMABAD,18.666759,78.103433,18.56057,78.13555
NIZAMABAD,18.703839,78.126630,18.65252,78.11796
NIZAMABAD,18.606073,78.007655,18.56932,78.14296
NIZAMABAD,18.530823,78.113042,18.61957,78.07528
NIZAMABAD,18.534432,78.114417,18.69068,78.12388
NIZAMABAD,18.562762,78.135607,18.71810,78.06435
NIZAMABAD,18.572178,78.114262,18.75586,78.06772
NIZAMABAD,18.587772,78.114756,18.52656,78.09142
NIZAMABAD,18.591600,78.152304,18.71701,78.08995
NIZAMABAD,18.599506,78.024305,18.67677,78.15250
NIZAMABAD,18.607182,78.178072,18.70525,78.08250
NIZAMABAD,18.608826,78.094101,18.61122,78.13865
NIZAMABAD,18.610475,77.991617,18.74575,78.09093
NIZAMABAD,18.616570,78.122212,18.59179,78.15142
NIZAMABAD,18.619568,78.075280,18.72834,78.05402
NIZAMABAD,18.627881,78.066566,18.59924,78.02406
NIZAMABAD,18.633084,78.054703,18.60107,78.00149
NIZAMABAD,18.653398,78.132421,18.62788,78.06657
NIZAMABAD,18.657934,78.120662,18.53443,78.11442
NIZAMABAD,18.682752,78.112640,18.70767,78.12508
NIZAMABAD,18.690675,78.123878,18.57489,78.10605
NIZAMABAD,18.699342,78.125256,18.61645,78.11685
NIZAMABAD,18.702668,78.070237,18.60531,78.17272
NIZAMABAD,18.713737,78.066485,18.62343,77.99888
NIZAMABAD,18.719841,78.077312,18.58777,78.11476
NIZAMABAD,18.729813,78.051749,18.70559,78.04181
NIZAMABAD,18.744868,78.083309,18.63394,78.09682
NIZAMABAD,18.753472,78.085365,18.68587,78.16800
NIZAMABAD,18.769593,78.078550,18.77141,78.07972
NIZAMSAGAR,18.233329,77.976862,18.20615,77.91272
NIZAMSAGAR,18.288586,77.925777,18.18054,77.90275
NIZAMSAGAR,18.180239,77.902525,18.22967,77.93768
NIZAMSAGAR,18.180544,77.902748,18.25899,77.94025
NIZAMSAGAR,18.204287,77.917137,18.29659,77.90733
NIZAMSAGAR,18.229730,77.935503,18.25749,77.95443
NIZAMSAGAR,18.233730,77.911988,18.22518,77.96699
NIZAMSAGAR,18.233941,77.970070,18.27785,77.90681
NIZAMSAGAR,18.234307,77.915891,18.22796,77.91145
NIZAMSAGAR,18.245154,77.904423,18.26845,77.87114
NIZAMSAGAR,18.251980,77.958663,18.29743,77.90102
NIZAMSAGAR,18.256096,77.952065,18.21528,77.87082
NIZAMSAGAR,18.259273,77.948060,18.25666,77.96925
NIZAMSAGAR,18.268486,77.868788,18.24905,77.89803
NIZAMSAGAR,18.274760,77.936445,18.30929,77.94775
NIZAMSAGAR,18.276744,77.905255,18.26789,77.93018
NIZAMSAGAR,18.296588,77.907325,18.19630,77.86718
PITLAM,18.282063,77.842781,18.26524,77.85183
PITLAM,18.210141,77.803945,18.35740,77.83213
PITLAM,18.219287,77.813406,18.34826,77.85991
PITLAM,18.223765,77.823998,18.29088,77.82170
PITLAM,18.226858,77.822133,18.23175,77.75660
PITLAM,18.228286,77.780985,18.22829,77.78099
PITLAM,18.253660,77.800120,18.30563,77.78158
PITLAM,18.262220,77.849141,18.26503,77.82796
PITLAM,18.268812,77.837915,18.25642,77.79717
PITLAM,18.291554,77.820576,18.30287,77.87971
PITLAM,18.297690,77.786052,18.19975,77.77237
PITLAM,18.308824,77.847568,18.21928,77.82347
PITLAM,18.355535,77.845194,18.32109,77.84909
RENJAL,18.754380,77.951789,18.77411,77.97620
RENJAL,18.727124,77.984906,18.77783,77.93291
RENJAL,18.748115,77.950169,18.72644,77.98799
RENJAL,18.752590,77.964330,18.75030,77.98515
RENJAL,18.758037,77.936866,18.81089,77.89007
RENJAL,18.759718,77.982546,18.76048,77.98279
RENJAL,18.760484,77.982791,18.77433,77.90486
RENJAL,18.774499,77.905816,18.74856,77.94983
RENJAL,18.780836,77.934645,18.75934,77.92458
RENJAL,18.795086,77.944867,18.79782,77.94642
SADASIVANAGAR,18.390109,78.289237,18.37043,78.31015
SADASIVANAGAR,18.376934,78.299290,18.37406,78.22553
SADASIVANAGAR,18.366467,78.301398,18.42605,78.20463
SADASIVANAGAR,18.374833,78.309612,18.39649,78.24071
SADASIVANAGAR,18.392180,78.322316,18.43409,78.33210
SADASIVANAGAR,18.395471,78.325252,18.41890,78.37212
SADASIVANAGAR,18.396494,78.240713,18.38297,78.18234
SADASIVANAGAR,18.403317,78.268777,18.44600,78.24192
SADASIVANAGAR,18.403815,78.333558,18.38492,78.37898
SADASIVANAGAR,18.406354,78.197661,18.36631,78.28143
SADASIVANAGAR,18.406539,78.296435,18.40635,78.19766
SADASIVANAGAR,18.406999,78.367220,18.42367,78.24793
SADASIVANAGAR,18.407081,78.269925,18.40648,78.30003
SADASIVANAGAR,18.409941,78.369172,18.41914,78.23519
SADASIVANAGAR,18.413203,78.339555,18.40972,78.32157
SADASIVANAGAR,18.414500,78.333707,18.43891,78.24110
SADASIVANAGAR,18.415430,78.198933,18.40382,78.33356
SADASIVANAGAR,18.417747,78.212013,18.40983,78.36943
SADASIVANAGAR,18.425449,78.251011,18.39218,78.32232
SADASIVANAGAR,18.429846,78.237947,18.41130,78.27389
SADASIVANAGAR,18.447109,78.231479,18.45534,78.22046
SADASIVANAGAR,18.450410,78.229523,18.42701,78.30160
SADASIVANAGAR,18.455340,78.220456,18.44248,78.22026
SIRKONDA,18.498246,78.442889,18.54987,78.54275
SIRKONDA,18.500514,78.437694,18.60539,78.44518
SIRKONDA,18.501131,78.437404,18.53927,78.42769
SIRKONDA,18.514290,78.415527,18.53667,78.38821
SIRKONDA,18.536735,78.388511,18.55579,78.45227
SIRKONDA,18.539612,78.428024,18.50051,78.43769
SIRKONDA,18.549125,78.541777,18.58915,78.43077
SIRKONDA,18.551032,78.542925,18.46594,78.36055
SIRKONDA,18.554720,78.441417,18.58363,78.47073
SIRKONDA,18.562644,78.445443,18.51393,78.41360
SIRKONDA,18.579423,78.460210,18.60656,78.47142
SIRKONDA,18.580831,78.454573,18.51172,78.50195
SIRKONDA,18.588768,78.433415,18.54934,78.53898
SIRKONDA,18.597299,78.420480,18.61289,78.42677
SIRKONDA,18.603656,78.426495,18.55390,78.42668
SIRKONDA,18.605802,78.461896,18.60639,78.48700
SIRKONDA,18.607830,78.483253,18.63164,78.40120
SIRKONDA,18.628028,78.401499,18.57972,78.45130
TADWAI,18.311389,78.251052,18.23691,78.24816
TADWAI,18.169581,78.263181,18.22957,78.28073
TADWAI,18.171343,78.248900,18.24336,78.30137
TADWAI,18.186739,78.275317,18.30238,78.27787
TADWAI,18.230312,78.277560,18.35187,78.27824
TADWAI,18.236911,78.248158,18.34141,78.24738
TADWAI,18.237460,78.252720,18.25880,78.25002
TADWAI,18.237512,78.303103,18.32360,78.21326
TADWAI,18.266000,78.256690,18.31553,78.26578
TADWAI,18.283149,78.259986,18.17147,78.25212
TADWAI,18.293528,78.222816,18.36286,78.26042
TADWAI,18.296917,78.235691,18.33823,78.21687
TADWAI,18.308949,78.247528,18.36249,78.18335
TADWAI,18.310367,78.288832,18.19129,78.27817
TADWAI,18.315330,78.264992,18.31027,78.28875
TADWAI,18.323672,78.213321,18.27708,78.21315
TADWAI,18.337264,78.213850,18.35402,78.24632
TADWAI,18.349244,78.274474,18.23846,78.24712
TADWAI,18.350805,78.276510,18.26864,78.28952
TADWAI,18.354024,78.246323,18.31017,78.24845
TADWAI,18.354079,78.265855,18.16839,78.26388
VARNI,18.536595,77.892918,18.56108,77.88353
VARNI,18.575121,77.927122,18.55194,77.86408
VARNI,18.605508,77.964462,18.57318,77.90496
VARNI,18.507867,77.971736,18.56765,77.95316
VARNI,18.464171,78.006169,18.57785,77.85703
VARNI,18.495563,77.884605,18.58538,77.97852
VARNI,18.509656,77.967026,18.57397,77.93002
VARNI,18.509742,77.967163,18.59819,77.94826
VARNI,18.515319,77.929303,18.56606,77.92027
VARNI,18.532035,77.897620,18.51598,77.92697
VARNI,18.540281,77.892272,18.50974,77.96716
VARNI,18.544567,77.906680,18.53986,77.98539
VARNI,18.551935,77.864080,18.51505,77.88948
VARNI,18.560909,77.884591,18.61648,77.97236
VARNI,18.561075,77.883525,18.45020,77.99800
VARNI,18.566059,77.920273,18.58347,77.87907
VARNI,18.567925,77.919739,18.53204,77.89762
VARNI,18.572177,77.946271,18.54148,77.94506
VARNI,18.584793,77.876921,18.46034,78.02023
VARNI,18.585381,77.978524,18.53955,77.86361
VARNI,18.592982,77.955385,18.57171,77.97995
VARNI,18.612874,77.973751,18.54457,77.90668
YEDAPALLE,18.638249,77.990251,18.69512,77.93300
YEDAPALLE,18.673182,77.981564,18.69932,77.95080
YEDAPALLE,18.673261,78.004330,18.70374,77.95628
YEDAPALLE,18.675875,77.955798,18.67818,77.98881
YEDAPALLE,18.675892,77.958028,18.70087,77.97930
YEDAPALLE,18.678992,77.949860,18.68979,77.97435
YEDAPALLE,18.690652,77.981470,18.70830,78.02159
YEDAPALLE,18.699318,77.950798,18.63857,77.99137
YEDAPALLE,18.700253,77.978847,18.65623,77.97537
YEDAPALLE,18.701159,77.978283,18.70987,77.99846
YEDAPALLE,18.703741,77.956277,18.67194,78.00783
YEDAPALLE,18.706591,78.016357,18.67318,77.98156
YEDAPALLE,18.707317,78.038039,18.67799,77.94862
YELLAREDDY,18.234416,77.967112,18.23076,78.02911
YELLAREDDY,18.129427,78.008691,18.24411,77.97357
YELLAREDDY,18.142489,78.014821,18.16848,78.04307
YELLAREDDY,18.146131,78.014206,18.14635,78.01689
YELLAREDDY,18.160586,78.027876,18.19843,78.03500
YELLAREDDY,18.163460,78.023946,18.14831,78.06566
YELLAREDDY,18.167295,78.020418,18.14254,78.01210
YELLAREDDY,18.185525,78.035636,18.22827,78.05783
YELLAREDDY,18.192421,78.017117,18.22318,78.00436
YELLAREDDY,18.193442,78.026313,18.15199,78.03986
YELLAREDDY,18.198432,78.035000,18.12943,78.00869
YELLAREDDY,18.213894,78.035410,18.18553,78.03564
YELLAREDDY,18.234910,78.063580,18.16864,78.00495
YELLAREDDY,18.239079,77.996179,18.13456,77.99290
YELLAREDDY,18.239302,77.994045,18.19744,77.98926
YELLAREDDY,18.246291,77.982682,18.20348,78.05390
YELLAREDDY,18.274599,78.003991,18.23908,77.99618
BANTWARAM,17.449129,77.704884,17.44191,77.70546
BANTWARAM,17.447065,77.707322,17.45105,77.79582
BANTWARAM,17.402484,77.765278,17.40484,77.81946
BANTWARAM,17.409810,77.774804,17.37692,77.69067
BANTWARAM,17.422202,77.768351,17.40173,77.78638
BANTWARAM,17.423493,77.787451,17.38743,77.77213
BANTWARAM,17.425435,77.829221,17.41891,77.79633
BANTWARAM,17.427864,77.788875,17.40944,77.74159
BANTWARAM,17.429894,77.750988,17.38490,77.74249
BANTWARAM,17.438458,77.809115,17.46024,77.76079
BANTWARAM,17.442321,77.705303,17.43846,77.80912
BANTWARAM,17.445458,77.800213,17.42381,77.81098
BANTWARAM,17.455402,77.740999,17.40518,77.76100
BANTWARAM,17.457068,77.749688,17.41044,77.68465
BANTWARAM,17.458716,77.748931,17.39176,77.71172
BANTWARAM,17.469003,77.654962,17.45692,77.74093
BANTWARAM,17.475870,77.752194,17.42220,77.76835
BANTWARAM,17.482833,77.749207,17.42875,77.75580
CHEVELLA,17.306735,78.183095,17.25620,78.13244
CHEVELLA,17.257931,78.134939,17.32965,78.06899
CHEVELLA,17.262601,78.134929,17.32672,78.03336
CHEVELLA,17.268554,78.065416,17.29030,78.09445
CHEVELLA,17.270106,78.097389,17.27011,78.09739
CHEVELLA,17.284856,78.064344,17.30678,78.13741
CHEVELLA,17.288237,78.174856,17.30880,78.10712
CHEVELLA,17.289678,78.173319,17.24829,78.06821
CHEVELLA,17.290301,78.094445,17.33691,78.14326
CHEVELLA,17.302978,78.062124,17.36067,78.16638
CHEVELLA,17.303585,78.082746,17.25541,78.15453
CHEVELLA,17.309374,78.054545,17.32692,78.12859
CHEVELLA,17.313354,78.137202,17.37803,78.16344
CHEVELLA,17.314044,78.139099,17.27761,78.17554
CHEVELLA,17.315275,78.200971,17.28486,78.06434
CHEVELLA,17.317456,78.126233,17.35371,78.03370
CHEVELLA,17.322769,78.106692,17.33845,78.17938
CHEVELLA,17.326719,78.033359,17.32351,78.17295
CHEVELLA,17.331610,78.150254,17.30934,78.07348
CHEVELLA,17.333262,78.201409,17.33326,78.20141
CHEVELLA,17.334403,78.199995,17.34808,78.10568
CHEVELLA,17.336913,78.143255,17.35669,78.12991
CHEVELLA,17.338454,78.179375,17.28824,78.17486
CHEVELLA,17.341470,78.111308,17.27426,78.12339
CHEVELLA,17.353543,78.167312,17.34147,78.11131
CHEVELLA,17.353708,78.033696,17.35243,78.19831
CHEVELLA,17.359265,78.061449,17.26855,78.06542
CHEVELLA,17.373785,78.151124,17.35927,78.06145
DHARUR,17.270006,77.818196,17.32296,77.80380
DHARUR,17.309937,77.771889,17.25013,77.81542
DHARUR,17.230627,77.820429,17.29088,77.78765
DHARUR,17.261507,77.784762,17.30814,77.77665
DHARUR,17.265552,77.756451,17.29023,77.76145
DHARUR,17.267986,77.792001,17.27749,77.75861
DHARUR,17.269641,77.820355,17.31826,77.81935
DHARUR,17.277490,77.758608,17.35445,77.76981
DHARUR,17.287547,77.854037,17.32182,77.74511
DHARUR,17.288387,77.863108,17.29482,77.86404
DHARUR,17.290227,77.761445,17.23411,77.75856
DHARUR,17.299753,77.796489,17.29975,77.79649
DHARUR,17.308141,77.776646,17.31033,77.82997
DHARUR,17.310591,77.834415,17.35858,77.79387
DHARUR,17.311967,77.818131,17.34378,77.78550
DHARUR,17.313181,77.802253,17.23063,77.82043
DHARUR,17.313653,77.780184,17.34682,77.82453
DHARUR,17.318256,77.819351,17.26799,77.79200
DHARUR,17.325455,77.766800,17.26151,77.78476
DHARUR,17.329225,77.760019,17.35192,77.72428
DHARUR,17.331670,77.758274,17.36557,77.83580
DHARUR,17.343778,77.785496,17.33167,77.75827
DHARUR,17.351465,77.789540,17.27139,77.84675
DHARUR,17.358580,77.793867,17.27001,77.81820
DOMA,17.020171,77.792832,17.06045,77.81657
DOMA,17.048714,77.793180,17.10293,77.87104
DOMA,17.018822,77.792841,17.08609,77.77354
DOMA,17.060675,77.815711,17.11568,77.87072
DOMA,17.075138,77.830137,17.11358,77.79186
DOMA,17.075681,77.788195,17.13149,77.78508
DOMA,17.079717,77.865964,17.02098,77.79346
DOMA,17.085330,77.864701,17.07365,77.79092
DOMA,17.086026,77.834362,17.08619,77.83430
DOMA,17.086193,77.834300,17.08901,77.87781
DOMA,17.102861,77.868927,17.10961,77.90088
DOMA,17.107637,77.840069,17.00669,77.78219
DOMA,17.109610,77.900884,17.13507,77.79752
DOMA,17.112423,77.791228,17.07836,77.88138
DOMA,17.115679,77.870716,17.04583,77.79635
DOMA,17.116054,77.889150,17.07560,77.86626
DOMA,17.126524,77.852391,17.13010,77.85407
DOMA,17.132344,77.787309,17.07512,77.83085
GANDEED,16.870338,77.890231,16.88441,77.77621
GANDEED,16.870665,77.889220,16.97252,77.82330
GANDEED,16.873636,77.892865,16.91736,77.87630
GANDEED,16.891455,77.775133,16.94645,77.87137
GANDEED,16.898569,77.852007,16.92374,77.80534
GANDEED,16.899243,77.778917,16.97150,77.78163
GANDEED,16.906825,77.835076,16.95058,77.75791
GANDEED,16.917363,77.876299,16.98725,77.76637
GANDEED,16.921523,77.804337,16.86905,77.83718
GANDEED,16.926983,77.857088,16.90818,77.83320
GANDEED,16.927168,77.788717,16.89305,77.78474
GANDEED,16.927705,77.787197,16.91038,77.87277
GANDEED,16.935385,77.778278,16.87364,77.89287
GANDEED,16.944783,77.871322,16.89189,77.86186
GANDEED,16.947724,77.860699,16.92150,77.85677
GANDEED,16.950578,77.757914,16.88350,77.75307
GANDEED,16.955015,77.755319,16.97354,77.81300
GANDEED,16.961860,77.767856,16.93365,77.77875
GANDEED,16.962442,77.767986,16.92133,77.79528
GANDEED,16.970720,77.781810,16.92771,77.78720
GANDEED,16.973297,77.813765,16.89693,77.89304
GHATKESAR,17.446828,78.689006,17.44799,78.72637
GHATKESAR,17.437870,78.703041,17.45984,78.73763
GHATKESAR,17.452843,78.685054,17.42007,78.58473
GHATKESAR,17.387863,78.632904,17.43249,78.60291
GHATKESAR,17.391948,78.610244,17.41420,78.64942
GHATKESAR,17.395294,78.592149,17.41695,78.70897
GHATKESAR,17.404823,78.587018,17.43005,78.68879
GHATKESAR,17.405406,78.669019,17.45067,78.68492
GHATKESAR,17.411483,78.607296,17.46191,78.64172
GHATKESAR,17.414204,78.649417,17.38786,78.63290
GHATKESAR,17.417326,78.626626,17.46698,78.69157
GHATKESAR,17.423832,78.642487,17.40541,78.66902
GHATKESAR,17.424878,78.644781,17.40816,78.60166
GHATKESAR,17.424958,78.710896,17.44560,78.70178
GHATKESAR,17.435429,78.659906,17.42043,78.62608
GHATKESAR,17.442610,78.670878,17.39412,78.60923
GHATKESAR,17.445597,78.701775,17.39529,78.59215
GHATKESAR,17.450667,78.684917,17.43402,78.64343
GHATKESAR,17.456458,78.658785,17.38647,78.66203
GHATKESAR,17.456830,78.685230,17.41713,78.66434
GHATKESAR,17.464600,78.738370,17.45647,78.66147
HAYATHNAGAR,17.274106,78.588779,17.31473,78.68713
HAYATHNAGAR,17.297340,78.584950,17.26998,78.69332
HAYATHNAGAR,17.395735,78.689816,17.39648,78.68945
HAYATHNAGAR,17.320601,78.692621,17.33932,78.68414
HAYATHNAGAR,17.373991,78.671593,17.38807,78.71864
HAYATHNAGAR,17.263433,78.586767,17.30080,78.72707
HAYATHNAGAR,17.271221,78.687468,17.26769,78.61682
HAYATHNAGAR,17.273162,78.588907,17.38426,78.72356
HAYATHNAGAR,17.281659,78.712398,17.29175,78.67195
HAYATHNAGAR,17.289773,78.612508,17.37320,78.67231
HAYATHNAGAR,17.290998,78.610923,17.30137,78.58588
HAYATHNAGAR,17.294605,78.690332,17.27243,78.59285
HAYATHNAGAR,17.297330,78.691286,17.33516,78.69765
HAYATHNAGAR,17.301326,78.608427,17.28284,78.63435
HAYATHNAGAR,17.301367,78.585883,17.34112,78.62575
HAYATHNAGAR,17.326894,78.605419,17.29795,78.69158
HAYATHNAGAR,17.328275,78.696428,17.28166,78.71240
HAYATHNAGAR,17.329252,78.597932,17.30133,78.60843
HAYATHNAGAR,17.335164,78.697654,17.27051,78.67367
HAYATHNAGAR,17.339580,78.624601,17.34966,78.64930
HAYATHNAGAR,17.341120,78.625750,17.32023,78.63885
HAYATHNAGAR,17.349662,78.649301,17.37780,78.64067
HAYATHNAGAR,17.359230,78.677789,17.26137,78.58652
HAYATHNAGAR,17.366574,78.673229,17.36690,78.59680
HAYATHNAGAR,17.373197,78.672305,17.35923,78.67779
HAYATHNAGAR,17.386434,78.719861,17.29100,78.61092
HAYATHNAGAR,17.396484,78.689453,17.26897,78.57707
IBRAHIMPATNAM,17.205414,78.550080,17.23250,78.54309
IBRAHIMPATNAM,17.203963,78.547849,17.22988,78.57829
IBRAHIMPATNAM,17.227516,78.587854,17.16790,78.63356
IBRAHIMPATNAM,17.229947,78.590055,17.23097,78.75864
IBRAHIMPATNAM,17.214650,78.606438,17.19608,78.64999
IBRAHIMPATNAM,17.212199,78.615252,17.14210,78.61646
IBRAHIMPATNAM,17.205433,78.619805,17.19991,78.55019
IBRAHIMPATNAM,17.202930,78.746867,17.20855,78.59508
IBRAHIMPATNAM,17.222979,78.707459,17.20603,78.75114
IBRAHIMPATNAM,17.205023,78.710979,17.21685,78.68996
IBRAHIMPATNAM,17.196548,78.648512,17.25898,78.73121
IBRAHIMPATNAM,17.193574,78.646303,17.21720,78.58238
IBRAHIMPATNAM,17.195018,78.643416,17.17660,78.60153
IBRAHIMPATNAM,17.180865,78.652038,17.22467,78.70859
IBRAHIMPATNAM,17.219451,78.600334,17.20475,78.71501
IBRAHIMPATNAM,17.142095,78.619071,17.23561,78.62915
IBRAHIMPATNAM,17.144502,78.616460,17.17598,78.68000
IBRAHIMPATNAM,17.153207,78.633557,17.21393,78.62188
IBRAHIMPATNAM,17.176604,78.614229,17.15321,78.61907
IBRAHIMPATNAM,17.206026,78.715011,17.10037,78.62913
IBRAHIMPATNAM,17.224671,78.689957,17.19048,78.61423
IBRAHIMPATNAM,17.230972,78.751139,17.14450,78.59402
KANDUKUR,17.073083,78.473888,17.14600,78.52784
KANDUKUR,17.116104,78.533066,17.07027,78.57416
KANDUKUR,17.118121,78.506881,17.05440,78.43769
KANDUKUR,17.100623,78.474100,17.10973,78.55395
KANDUKUR,17.070004,78.442162,17.04772,78.39696
KANDUKUR,17.010855,78.513778,17.04737,78.49605
KANDUKUR,17.010914,78.479777,17.01091,78.47978
KANDUKUR,17.035591,78.454354,17.09554,78.50006
KANDUKUR,17.036537,78.451929,17.09274,78.57969
KANDUKUR,17.047344,78.574091,17.07115,78.44246
KANDUKUR,17.047719,78.396959,17.06481,78.48993
KANDUKUR,17.064696,78.486699,17.07219,78.46508
KANDUKUR,17.065443,78.419705,17.09304,78.46884
KANDUKUR,17.065954,78.425161,17.14161,78.51680
KANDUKUR,17.066549,78.473589,17.12894,78.58118
KANDUKUR,17.070273,78.574155,17.04784,78.57411
KANDUKUR,17.071137,78.463764,17.01426,78.51684
KANDUKUR,17.071153,78.442462,17.02669,78.39480
KANDUKUR,17.071790,78.476483,17.03654,78.45193
KANDUKUR,17.111342,78.554330,17.06544,78.41971
KANDUKUR,17.114829,78.537257,17.11483,78.53726
KANDUKUR,17.118394,78.505391,16.99323,78.53014
KANDUKUR,17.123004,78.565699,17.12995,78.55537
KEESARA,17.489737,78.601580,17.50160,78.62370
KEESARA,17.492550,78.647467,17.55887,78.68172
KEESARA,17.501595,78.623700,17.50625,78.68760
KEESARA,17.506650,78.627759,17.51608,78.62842
KEESARA,17.511128,78.637695,17.50236,78.58853
KEESARA,17.514250,78.681283,17.49255,78.64747
KEESARA,17.522700,78.666867,17.52218,78.66813
KEESARA,17.524558,78.667028,17.48791,78.60125
KEESARA,17.538872,78.625690,17.46895,78.64467
KULKACHARLA,17.041431,77.926757,17.02493,77.92446
KULKACHARLA,16.915831,77.970888,16.94438,77.91302
KULKACHARLA,16.923118,77.985662,16.97243,77.86615
KULKACHARLA,16.927497,77.959244,17.02698,77.84085
KULKACHARLA,16.958110,77.866302,17.01353,77.85158
KULKACHARLA,16.960980,77.899846,16.86047,77.98432
KULKACHARLA,16.964533,77.968394,17.00517,77.81625
KULKACHARLA,16.969617,77.915958,16.98947,77.97822
KULKACHARLA,16.977182,77.982483,17.08668,77.90392
KULKACHARLA,16.983617,77.976428,16.99581,77.84032
KULKACHARLA,16.986623,77.975803,16.99882,77.89836
KULKACHARLA,16.993534,77.827614,17.03855,77.87175
KULKACHARLA,16.995383,77.829056,16.91394,77.97170
KULKACHARLA,16.995497,77.902735,16.92750,77.95924
KULKACHARLA,16.998824,77.898361,17.01343,77.87644
KULKACHARLA,17.011504,77.894387,16.96959,77.91712
KULKACHARLA,17.015111,77.875542,17.04213,77.92730
KULKACHARLA,17.017328,77.875200,16.94271,78.00209
KULKACHARLA,17.020109,77.901846,16.98550,77.97380
KULKACHARLA,17.022948,77.860148,16.96132,77.96014
KULKACHARLA,17.023353,77.924864,16.92406,77.98489
KULKACHARLA,17.024078,77.818704,17.06201,77.91146
KULKACHARLA,17.026488,77.841870,17.04087,77.87520
KULKACHARLA,17.026979,77.840847,16.95811,77.86630
KULKACHARLA,17.042132,77.927298,17.02414,77.81988
KULKACHARLA,17.043178,77.871610,16.99550,77.90274
KULKACHARLA,17.055617,77.890599,17.07302,77.90602
KULKACHARLA,17.062121,77.909727,16.95980,77.83489
MAHESWARAM,17.079810,78.366358,17.08773,78.39018
MAHESWARAM,17.089823,78.367621,17.14857,78.34353
MAHESWARAM,17.095940,78.388636,17.10810,78.36963
MAHESWARAM,17.107561,78.371495,17.10213,78.39494
MAHESWARAM,17.108099,78.369625,17.17830,78.35254
MAHESWARAM,17.124830,78.374143,17.18732,78.43814
MAHESWARAM,17.130531,78.376138,17.12651,78.36181
MAHESWARAM,17.133821,78.435499,17.07981,78.36636
MAHESWARAM,17.136674,78.434861,17.13382,78.43550
MAHESWARAM,17.136949,78.432483,17.13632,78.33321
MAHESWARAM,17.137310,78.393309,17.20137,78.46999
MAHESWARAM,17.137838,78.379758,17.13895,78.39293
MAHESWARAM,17.148569,78.343530,17.18154,78.39138
MAHESWARAM,17.149838,78.343654,17.16445,78.36359
MAHESWARAM,17.154197,78.437071,17.12990,78.37073
MAHESWARAM,17.166089,78.351539,17.06088,78.37829
MAHESWARAM,17.181286,78.391482,17.21548,78.51075
MAHESWARAM,17.201531,78.470444,17.22114,78.48549
MAHESWARAM,17.207087,78.476422,17.15506,78.43883
MAHESWARAM,17.208377,78.476431,17.10070,78.35027
MAHESWARAM,17.217354,78.484618,17.20838,78.47643
MANCHAL,17.185361,78.654991,17.13463,78.75840
MANCHAL,17.172410,78.655938,17.09137,78.79537
MANCHAL,17.061455,78.776967,17.06146,78.77697
MANCHAL,17.067731,78.752036,17.06988,78.71593
MANCHAL,17.069875,78.715927,17.09339,78.77671
MANCHAL,17.089393,78.714008,17.17114,78.74352
MANCHAL,17.092662,78.715552,17.05379,78.72399
MANCHAL,17.093391,78.776711,17.12134,78.72053
MANCHAL,17.103316,78.775319,17.17318,78.65193
MANCHAL,17.134468,78.671555,17.18129,78.70667
MANCHAL,17.134626,78.758401,17.03992,78.83317
MANCHAL,17.161285,78.720823,17.16129,78.72082
MANCHAL,17.162241,78.718792,17.16680,78.68743
MANCHAL,17.165531,78.701457,17.08939,78.71401
MANCHAL,17.166802,78.687425,17.18749,78.73648
MANCHAL,17.171144,78.743521,17.17700,78.77632
MANCHAL,17.172316,78.742092,17.06773,78.75204
MARPALLY,17.522329,77.841506,17.60416,77.85017
MARPALLY,17.523796,77.741578,17.52512,77.73850
MARPALLY,17.536449,77.800342,17.50564,77.71016
MARPALLY,17.538906,77.773041,17.60857,77.78415
MARPALLY,17.538913,77.765402,17.47391,77.72708
MARPALLY,17.539356,77.771756,17.62430,77.83346
MARPALLY,17.545390,77.776457,17.53791,77.80178
MARPALLY,17.556514,77.812752,17.50577,77.79412
MARPALLY,17.565354,77.836428,17.53936,77.77176
MARPALLY,17.578983,77.796494,17.61828,77.81349
MARPALLY,17.581482,77.797129,17.56586,77.83418
MARPALLY,17.584900,77.792311,17.55651,77.81275
MARPALLY,17.585970,77.797992,17.58490,77.79231
MARPALLY,17.593183,77.829956,17.47449,77.75590
MARPALLY,17.618681,77.822290,17.57902,77.85841
MEDCHAL,17.617686,78.485951,17.65122,78.48862
MEDCHAL,17.613394,78.488696,17.64817,78.42727
MEDCHAL,17.553430,78.494200,17.66663,78.47081
MEDCHAL,17.592636,78.492895,17.63374,78.45620
MEDCHAL,17.618063,78.493329,17.61205,78.46831
MEDCHAL,17.622025,78.513528,17.56869,78.48011
MEDCHAL,17.628810,78.486090,17.59466,78.48633
MEDCHAL,17.629687,78.516048,17.63019,78.48162
MEDCHAL,17.630194,78.481619,17.59682,78.51736
MEDCHAL,17.632129,78.443253,17.68285,78.44234
MEDCHAL,17.633741,78.456197,17.62062,78.52751
MEDCHAL,17.633811,78.532304,17.63797,78.53601
MEDCHAL,17.648174,78.427266,17.65845,78.52542
MEDCHAL,17.650339,78.488316,17.63213,78.44325
MEDCHAL,17.655156,78.424848,17.67756,78.50295
MEDCHAL,17.678330,78.482790,17.65516,78.42485
MEDCHAL,17.682853,78.442338,17.66775,78.57687
MEDCHAL,17.683332,78.491167,17.68333,78.49117
MOINABAD,17.331616,78.297580,17.27815,78.28959
MOINABAD,17.267358,78.255435,17.33532,78.32622
MOINABAD,17.258217,78.207318,17.28996,78.31238
MOINABAD,17.266964,78.256648,17.37372,78.26075
MOINABAD,17.284573,78.292766,17.34951,78.28699
MOINABAD,17.289964,78.312384,17.39107,78.22628
MOINABAD,17.296816,78.273250,17.34342,78.30902
MOINABAD,17.297868,78.207566,17.40151,78.26010
MOINABAD,17.310998,78.286931,17.30518,78.24745
MOINABAD,17.313179,78.249266,17.27299,78.22361
MOINABAD,17.313553,78.273404,17.37162,78.20083
MOINABAD,17.313748,78.216610,17.40754,78.26242
MOINABAD,17.328430,78.273429,17.32647,78.27262
MOINABAD,17.337212,78.258706,17.31100,78.28693
MOINABAD,17.337781,78.313394,17.30323,78.33088
MOINABAD,17.342681,78.308939,17.25822,78.20732
MOINABAD,17.366751,78.259064,17.33721,78.25871
MOINABAD,17.373110,78.246242,17.36071,78.23865
MOINABAD,17.385799,78.227122,17.26696,78.25665
MOMINPET,17.466146,77.886805,17.56324,77.89574
MOMINPET,17.470367,77.882595,17.56558,77.87681
MOMINPET,17.478540,77.982121,17.55112,77.90212
MOMINPET,17.478758,77.832005,17.49550,77.99291
MOMINPET,17.481199,77.976658,17.46537,78.00352
MOMINPET,17.490070,77.962937,17.47236,77.97771
MOMINPET,17.490778,77.902216,17.45745,77.86822
MOMINPET,17.493070,77.867221,17.49078,77.90222
MOMINPET,17.494525,77.869153,17.47411,77.81184
MOMINPET,17.498583,77.941899,17.47536,77.83416
MOMINPET,17.517565,77.897818,17.55984,77.86476
MOMINPET,17.519421,77.893797,17.56054,77.91792
MOMINPET,17.550822,77.907530,17.51757,77.89782
MOMINPET,17.560865,77.915415,17.49082,77.87247
MOMINPET,17.563244,77.895735,17.54785,77.92898
MOMINPET,17.564295,77.877012,17.47385,77.90386
NAWABPET,17.403444,77.920972,17.38136,77.99231
NAWABPET,17.400637,77.920530,17.45453,77.95401
NAWABPET,17.378552,77.993598,17.38648,77.96123
NAWABPET,17.381707,78.017076,17.41198,77.96260
NAWABPET,17.384290,77.906142,17.42780,77.96168
NAWABPET,17.385432,77.964432,17.40916,78.03491
NAWABPET,17.409160,78.034914,17.42127,78.05831
NAWABPET,17.411627,77.931024,17.46000,77.90640
NAWABPET,17.411982,77.962604,17.40729,77.95014
NAWABPET,17.421271,78.058305,17.44938,77.89568
NAWABPET,17.423686,77.958252,17.42646,78.02042
NAWABPET,17.425188,77.962705,17.44311,77.91906
NAWABPET,17.426994,77.962661,17.45339,78.00297
NAWABPET,17.427804,77.961678,17.45078,77.92979
NAWABPET,17.435111,77.975727,17.43332,78.06354
NAWABPET,17.435234,77.955650,17.42699,77.96266
NAWABPET,17.438228,78.037064,17.38171,78.01708
NAWABPET,17.443109,77.919063,17.41319,77.99217
NAWABPET,17.445490,77.899463,17.43965,78.03752
PARGI,17.167110,77.863012,17.22943,77.85942
PARGI,17.168519,77.879820,17.20986,77.92604
PARGI,17.108549,77.943497,17.19678,77.84980
PARGI,17.123018,77.946649,17.12565,77.96623
PARGI,17.123374,77.965193,17.15864,77.79105
PARGI,17.129758,77.913052,17.18732,77.83363
PARGI,17.131406,77.927860,17.20208,77.78807
PARGI,17.140882,77.899973,17.15480,77.92278
PARGI,17.162235,77.833359,17.13560,77.93249
PARGI,17.164274,77.829442,17.18887,77.94454
PARGI,17.166982,77.866421,17.20140,77.81234
PARGI,17.167331,77.877248,17.14605,77.87114
PARGI,17.177185,77.883373,17.22517,77.87246
PARGI,17.179918,77.876490,17.17992,77.87649
PARGI,17.186502,77.851482,17.15399,77.82043
PARGI,17.188871,77.944540,17.13908,77.95416
PARGI,17.190146,77.840755,17.17274,77.84046
PARGI,17.200504,77.932623,17.15952,77.86430
PARGI,17.201398,77.812344,17.16366,77.89307
PARGI,17.225169,77.872462,17.10901,77.94349
PEDDEMUL,17.283654,77.638188,17.41935,77.54799
PEDDEMUL,17.386094,77.739843,17.36818,77.61823
PEDDEMUL,17.290355,77.657674,17.44158,77.64437
PEDDEMUL,17.342249,77.686823,17.46231,77.63566
PEDDEMUL,17.280833,77.675010,17.32342,77.64537
PEDDEMUL,17.281373,77.683948,17.36738,77.65092
PEDDEMUL,17.294918,77.668831,17.31347,77.60765
PEDDEMUL,17.314904,77.700701,17.33256,77.61543
PEDDEMUL,17.323421,77.645368,17.34908,77.60654
PEDDEMUL,17.324789,77.681982,17.32539,77.67842
PEDDEMUL,17.332438,77.608094,17.28784,77.69579
PEDDEMUL,17.338264,77.690483,17.29492,77.66883
PEDDEMUL,17.338477,77.659184,17.31563,77.71462
PEDDEMUL,17.338568,77.658565,17.33905,77.69196
PEDDEMUL,17.341206,77.660379,17.38297,77.64821
PEDDEMUL,17.349075,77.606540,17.43921,77.57777
PEDDEMUL,17.362647,77.707607,17.42161,77.57610
PEDDEMUL,17.364446,77.697205,17.33844,77.65951
PEDDEMUL,17.364492,77.651217,17.28137,77.68395
PEDDEMUL,17.367378,77.650916,17.36945,77.64359
PEDDEMUL,17.368551,77.616589,17.27763,77.66202
PEDDEMUL,17.381718,77.647349,17.43092,77.61957
PEDDEMUL,17.385349,77.744793,17.46993,77.65290
PUDUR,17.262474,77.958090,17.28778,78.03118
PUDUR,17.262772,77.968650,17.27222,77.98698
PUDUR,17.302087,78.004573,17.25720,78.02844
PUDUR,17.300019,77.997715,17.17567,78.01891
PUDUR,17.219122,77.980946,17.22117,78.03338
PUDUR,17.308966,78.032507,17.29172,78.02287
PUDUR,17.241263,77.958326,17.20157,78.00833
PUDUR,17.156586,77.993773,17.22407,77.95176
PUDUR,17.177140,78.002425,17.26827,77.99762
PUDUR,17.201569,78.008332,17.17771,77.96908
PUDUR,17.223702,77.942532,17.29872,77.98229
PUDUR,17.224729,77.942950,17.23156,78.01145
PUDUR,17.231561,78.011445,17.30942,77.99440
PUDUR,17.244803,78.019141,17.16063,78.00068
PUDUR,17.248303,77.958555,17.22243,77.98589
PUDUR,17.257202,78.028444,17.15987,77.95450
PUDUR,17.257434,78.025964,17.26765,77.96007
PUDUR,17.281023,77.981618,17.23504,78.02783
PUDUR,17.288847,78.030159,17.24473,78.04895
PUDUR,17.289953,78.030489,17.22632,77.93536
PUDUR,17.293688,77.985133,17.23865,77.94301
PUDUR,17.296638,77.985022,17.22290,78.06029
SAROORNAGAR,17.265186,78.450417,17.30765,78.53369
SAROORNAGAR,17.272254,78.472752,17.30271,78.52541
SAROORNAGAR,17.273764,78.539236,17.31024,78.49924
SAROORNAGAR,17.291624,78.498714,17.29390,78.56553
SAROORNAGAR,17.293610,78.495773,17.33121,78.52622
SAROORNAGAR,17.302208,78.525669,17.30647,78.48989
SAROORNAGAR,17.302713,78.525405,17.26764,78.51861
SAROORNAGAR,17.305130,78.525335,17.24935,78.45123
SAROORNAGAR,17.307195,78.531461,17.32296,78.52728
SAROORNAGAR,17.307651,78.533692,17.27558,78.54440
SAROORNAGAR,17.308894,78.506219,17.27130,78.47250
SAROORNAGAR,17.322962,78.527278,17.29361,78.49577
SHABAD,17.228749,78.170434,17.12262,78.15548
SHABAD,17.093003,78.166571,17.19629,78.07474
SHABAD,17.101328,78.154406,17.11121,78.12386
SHABAD,17.106516,78.161275,17.23311,78.17225
SHABAD,17.111206,78.123860,17.19057,78.19417
SHABAD,17.111210,78.145307,17.24863,78.09272
SHABAD,17.116767,78.142938,17.22392,78.19873
SHABAD,17.118978,78.141888,17.10652,78.16128
SHABAD,17.138610,78.137275,17.13322,78.17356
SHABAD,17.159924,78.133369,17.16026,78.14998
SHABAD,17.161730,78.132608,17.09922,78.15344
SHABAD,17.174113,78.135487,17.20518,78.16662
SHABAD,17.190534,78.134731,17.21084,78.22916
SHABAD,17.202951,78.172593,17.22869,78.08593
SHABAD,17.204194,78.174495,17.18795,78.12943
SHABAD,17.211424,78.133539,17.11594,78.10151
SHABAD,17.216407,78.223580,17.17721,78.11882
SHABAD,17.216497,78.133928,17.18807,78.16523
SHABAD,17.217171,78.226021,17.21650,78.13393
SHABAD,17.218510,78.084313,17.21851,78.08431
SHABAD,17.222927,78.207023,17.23592,78.15814
SHABAD,17.225374,78.199951,17.09300,78.16657
SHABAD,17.228691,78.085926,17.21238,78.13105
SHABAD,17.228843,78.110670,17.16173,78.13261
SHABAD,17.234097,78.136283,17.24645,78.22919
SHABAD,17.234712,78.107802,17.23510,78.12285
SHABAD,17.235100,78.122851,17.23609,78.11150
SHABAD,17.235298,78.154777,17.13738,78.12087
SHAMIRPET,17.617561,78.677829,17.61987,78.66045
SHAMIRPET,17.625908,78.622883,17.62296,78.59795
SHAMIRPET,17.615563,78.611264,17.68414,78.66352
SHAMIRPET,17.583664,78.574085,17.59968,78.60936
SHAMIRPET,17.559868,78.543834,17.56518,78.52369
SHAMIRPET,17.601644,78.627661,17.62525,78.62508
SHAMIRPET,17.512533,78.558940,17.51301,78.56182
SHAMIRPET,17.565217,78.553934,17.58898,78.68980
SHAMIRPET,17.567347,78.539314,17.63434,78.65303
SHAMIRPET,17.571288,78.558299,17.65647,78.63880
SHAMIRPET,17.595066,78.569413,17.66265,78.70237
SHAMIRPET,17.595953,78.607553,17.63318,78.60763
SHAMIRPET,17.604092,78.631741,17.62631,78.56557
SHAMIRPET,17.616965,78.678280,17.65181,78.68856
SHAMIRPET,17.625331,78.591860,17.68934,78.68209
SHAMIRPET,17.628016,78.569233,17.60558,78.63211
SHAMIRPET,17.631016,78.607056,17.56532,78.53865
SHAMIRPET,17.655173,78.690677,17.59484,78.57490
SHAMIRPET,17.659730,78.641466,17.56522,78.55393
SHAMIRPET,17.667694,78.590169,17.67206,78.59280
SHAMIRPET,17.689335,78.682092,17.61697,78.67828
SHAMSHABAD,17.249484,78.375926,17.20908,78.38992
SHAMSHABAD,17.181520,78.304391,17.23580,78.39978
SHAMSHABAD,17.185517,78.306073,17.22396,78.34921
SHAMSHABAD,17.196674,78.397140,17.21943,78.38818
SHAMSHABAD,17.200796,78.325066,17.28337,78.44810
SHAMSHABAD,17.207570,78.398412,17.22559,78.30302
SHAMSHABAD,17.209084,78.389921,17.24422,78.30118
SHAMSHABAD,17.227140,78.348700,17.27850,78.34024
SHAMSHABAD,17.235798,78.399779,17.28843,78.36659
SHAMSHABAD,17.236215,78.248055,17.19936,78.32246
SHAMSHABAD,17.244224,78.301178,17.24979,78.27773
SHAMSHABAD,17.248340,78.373980,17.17361,78.33271
SHAMSHABAD,17.249786,78.277732,17.23002,78.28975
SHAMSHABAD,17.251459,78.276132,17.25753,78.33441
SHAMSHABAD,17.253494,78.304223,17.25148,78.36614
SHAMSHABAD,17.254222,78.380515,17.18635,78.30393
SHAMSHABAD,17.256684,78.321664,17.19667,78.39714
SHAMSHABAD,17.257325,78.339770,17.21928,78.33625
SHAMSHABAD,17.262320,78.389006,17.16507,78.30916
SHAMSHABAD,17.263569,78.368086,17.23395,78.24728
SHAMSHABAD,17.285632,78.413784,17.28252,78.41264
SHANKARPALLY,17.387464,78.100549,17.45596,78.09764
SHANKARPALLY,17.401786,78.258489,17.39685,78.05006
SHANKARPALLY,17.403139,78.200750,17.44081,78.15635
SHANKARPALLY,17.404818,78.104044,17.44319,78.11428
SHANKARPALLY,17.405992,78.225027,17.47306,78.08672
SHANKARPALLY,17.406513,78.066526,17.45271,78.12015
SHANKARPALLY,17.406789,78.099970,17.50064,78.06847
SHANKARPALLY,17.418603,78.224379,17.46289,78.19997
SHANKARPALLY,17.420407,78.213997,17.37558,78.11898
SHANKARPALLY,17.424474,78.123187,17.47478,78.06211
SHANKARPALLY,17.431150,78.191820,17.40599,78.22503
SHANKARPALLY,17.437606,78.127475,17.39378,78.09342
SHANKARPALLY,17.442512,78.164501,17.43354,78.18702
SHANKARPALLY,17.442719,78.122063,17.40679,78.09997
SHANKARPALLY,17.452707,78.120150,17.40314,78.20075
SHANKARPALLY,17.454586,78.131192,17.44195,78.12723
SHANKARPALLY,17.454613,78.100486,17.44111,78.08375
SHANKARPALLY,17.456917,78.131547,17.40140,78.06409
SHANKARPALLY,17.457820,78.110778,17.45459,78.13119
SHANKARPALLY,17.460994,78.199331,17.46960,78.12563
SHANKARPALLY,17.469130,78.088249,17.41246,78.18015
SHANKARPALLY,17.474784,78.062110,17.42848,78.14583
TANDUR,17.329220,77.530083,17.30052,77.55740
TANDUR,17.255030,77.589040,17.27753,77.60032
TANDUR,17.257406,77.587441,17.28066,77.52373
TANDUR,17.257770,77.559860,17.25268,77.65662
TANDUR,17.262576,77.592436,17.27333,77.48943
TANDUR,17.273730,77.631348,17.25777,77.55986
TANDUR,17.280110,77.568840,17.29553,77.57064
TANDUR,17.280660,77.523730,17.26339,77.53806
TANDUR,17.281181,77.568719,17.31036,77.63801
TANDUR,17.284392,77.566140,17.34783,77.54413
TANDUR,17.290917,77.496258,17.22632,77.54503
TANDUR,17.295530,77.570640,17.28011,77.56884
TANDUR,17.296444,77.556433,17.33820,77.51994
TANDUR,17.301150,77.473620,17.27696,77.63459
TANDUR,17.316231,77.540677,17.30115,77.47362
TANDUR,17.320496,77.513313,17.25782,77.63330
TANDUR,17.326896,77.532494,17.34193,77.51087
TANDUR,17.336466,77.518823,17.35395,77.50390
TANDUR,17.342966,77.512700,17.34711,77.49781
TANDUR,17.345956,77.498394,17.31371,77.50692
TANDUR,17.347830,77.544130,17.23949,77.53258
VIKARABAD,17.373636,77.904545,17.38659,77.88226
VIKARABAD,17.255422,77.865857,17.29572,77.88445
VIKARABAD,17.277000,77.896083,17.34054,77.93745
VIKARABAD,17.281128,77.897811,17.24616,77.85023
VIKARABAD,17.288988,77.899124,17.40381,77.91983
VIKARABAD,17.332921,77.914492,17.35624,77.88372
VIKARABAD,17.339536,77.903121,17.25542,77.86586
VIKARABAD,17.343038,77.936958,17.28035,77.90641
VIKARABAD,17.348054,77.963437,17.37930,77.88359
VIKARABAD,17.348419,77.951155,17.34741,77.99634
VIKARABAD,17.349149,77.970828,17.38972,77.86460
VIKARABAD,17.349473,77.995913,17.27523,77.89610
VIKARABAD,17.352027,77.903179,17.39163,77.80812
VIKARABAD,17.356236,77.883719,17.39973,77.89963
VIKARABAD,17.379296,77.883594,17.38167,77.91989
VIKARABAD,17.383253,77.919165,17.36511,77.95260
VIKARABAD,17.386587,77.882258,17.37881,77.81936
VIKARABAD,17.387417,77.860444,17.33994,77.97756
VIKARABAD,17.391559,77.811549,17.38963,77.94280
VIKARABAD,17.431053,77.876362,17.43105,77.87636
VIKARABAD,17.431619,77.892495,17.35595,77.97277
YACHARAM,17.046083,78.662930,17.01281,78.70752
YACHARAM,16.992530,78.625817,17.06418,78.65402
YACHARAM,16.974037,78.734051,17.09860,78.68558
YACHARAM,16.977579,78.729164,17.10662,78.67365
YACHARAM,16.977780,78.727692,16.97332,78.68100
YACHARAM,16.986292,78.712219,17.03298,78.57369
YACHARAM,16.992231,78.625667,17.01554,78.65552
YACHARAM,16.994075,78.682369,16.97404,78.73405
YACHARAM,16.994156,78.677358,16.99923,78.78063
YACHARAM,16.994309,78.697803,17.00033,78.64769
YACHARAM,17.000331,78.647691,17.03826,78.70370
YACHARAM,17.003351,78.597464,16.99874,78.73216
YACHARAM,17.037268,78.702144,16.99223,78.62567
YACHARAM,17.039115,78.606886,17.04453,78.63419
YACHARAM,17.044601,78.631661,17.03973,78.60680
YACHARAM,17.046163,78.665638,16.99416,78.67736
YACHARAM,17.046650,78.663057,16.99459,78.71606
YACHARAM,17.064179,78.654019,17.00241,78.59654
YACHARAM,17.083788,78.617707,17.08390,78.61335
YACHARAM,17.106440,78.673565,17.04610,78.66275
YALAL,17.205242,77.585950,17.21345,77.72454
YALAL,17.170554,77.597287,17.21470,77.57324
YALAL,17.174501,77.576496,17.17450,77.57650
YALAL,17.187971,77.592530,17.25433,77.69897
YALAL,17.194409,77.582984,17.21029,77.60757
YALAL,17.197263,77.545411,17.19441,77.58298
YALAL,17.198958,77.665090,17.19184,77.68083
YALAL,17.206210,77.608098,17.18195,77.59272
YALAL,17.210717,77.628946,17.18988,77.66289
YALAL,17.211224,77.638374,17.19309,77.63556
YALAL,17.211293,77.631009,17.16996,77.55840
YALAL,17.211524,77.554703,17.23261,77.67689
YALAL,17.212803,77.642316,17.24199,77.62057
YALAL,17.215366,77.708063,17.21641,77.62785
YALAL,17.219687,77.702779,17.19122,77.73306
YALAL,17.221479,77.654675,17.20968,77.68631
YALAL,17.222163,77.695038,17.22388,77.70883
YALAL,17.223876,77.708825,17.18608,77.54789
YALAL,17.225229,77.683696,17.23957,77.65586
YALAL,17.230003,77.673504,17.24626,77.73524
YALAL,17.235939,77.665864,17.17030,77.60440
YALAL,17.239574,77.655859,17.22148,77.65468
YALAL,17.240783,77.654901,17.21282,77.64275